objid,n_sources,grade,thetaE,thetaE_err,mag_g,mag_r,mag_i,mag_z,g_exp_time,g_mag_zero,r_exp_time,r_mag_zero,i_exp_time,i_mag_zero,z_exp_time,z_mag_zero
10933200047181.0,3,C,3.629556150356245,0.5738085285672868,21.588037,20.540285,19.928097,19.666693,300.0,32.6398,60.0,31.231281,300.0,32.919807,60.0,30.921247
10743400088019.0,1,C,4.4263576710191215,0.5150786176089027,19.50884,18.427872,17.93877,17.690117,90.0,31.573017,60.0,31.291565,90.0,31.657532,120.0,31.694084
10818400058099.0,2,A,2.474455436303338,0.3647266175463329,21.392586,20.044401,18.462975,17.974705,90.0,31.562065,250.0,32.74769,200.0,32.47438,77.0,31.052814
10804700118953.0,2,B,3.5535663663025847,0.3858262209353226,21.464525,21.187096,20.903889000000003,21.05382,90.0,31.522627,90.0,31.694086,90.0,31.68428,96.0,31.393951
10664300060655.0,2,C,2.5662267264812897,0.4455055234143847,21.366531,20.593882,20.102654,20.015244,86.0,31.443527,45.0,30.820671,86.0,31.505188,100.0,31.52945
11024800215676.0,3,C,2.480122078427885,0.2683974642270049,20.609407,19.328968,18.757256,18.423864,100.0,31.557625,300.0,32.94945,100.0,31.734148,90.0,31.445253
10972600064726.0,6,B,3.4338156654601613,0.5228981315787632,19.831009,18.609789000000003,18.117659,17.802376000000002,240.0,32.457283,90.0,31.677866,90.0,31.581882,90.0,31.297623
10884500263208.0,1,A,2.6386869284013854,0.3728354155135525,20.47802,18.746342,18.210472,17.922482000000002,200.0,32.367172,200.0,32.556778,250.0,32.77931,160.0,32.02182
10806500055292.0,1,C,2.0648418786056686,0.3346868384571432,19.370277,18.764948,18.49934,18.569466,90.0,31.3064,31.0,30.514465,102.0,31.783495,49.0,30.68006
10628500044156.0,1,C,2.85405020310575,0.3883755728910866,19.959093,18.416643,18.006424,17.824793,82.0,31.272106,116.0,31.928385,192.0,32.466885,80.0,31.130268
10702800073701.0,1,C,2.7087338742440217,0.3778252929791365,17.865347,17.282753,16.994152,16.828156,120.0,31.828651,250.0,32.80919,90.0,31.665958,240.0,32.47648
10832200212990.0,2,C,3.0614208571315293,0.3663952116661758,20.115353,18.958538,18.647057,18.601982,90.0,31.587948,30.0,30.52223,90.0,31.672092,150.0,32.008698
11010500142093.0,1,A,3.0004727309923167,0.3992592216772018,20.674622,19.004131,18.453491,17.588877,90.0,31.475222,150.0,32.216,90.0,31.610792,90.0,31.391987
10729300154905.0,1,C,2.0005637123869646,0.3307599003404057,19.22488,19.039516,19.12351,19.042084,90.0,31.566776,30.0,30.45418,90.0,31.682732,56.0,30.839127
10821100103085.0,1,C,2.318438354004907,0.3509004474394552,21.507635,20.052015,19.33785,19.337826,90.0,31.559422,49.0,31.040562,240.0,32.744564,150.0,31.80054
10768400117577.0,2,C,3.3861554043000304,0.320399478909067,21.763802,20.075846,19.496872,19.340862,90.0,31.549263,125.0,32.0011,100.0,31.721329,56.0,30.83437
10907800208727.0,3,C,3.787295177382088,0.4911125518709606,21.976116,20.281746,19.52282,19.248520000000003,300.0,32.70145,150.0,32.147392,300.0,32.907173,300.0,32.625996
10689700019111.0,1,C,1.905869979489159,0.3251199221628537,19.659462,19.061117000000003,18.750992,18.138783,86.0,31.426067,86.0,31.563663,90.0,31.599026,115.0,31.616547
11025100394979.0,2,C,1.97393696017638,0.3441644048028137,21.958565,20.478615,19.707645,19.394178,100.0,31.631287,150.0,32.30647,90.0,31.636383,90.0,31.22948
10821000092378.0,2,C,2.666375988365231,0.2634171685032824,19.814371,18.528835,18.020323,17.616552,90.0,31.57059,131.0,32.133797,90.0,31.593565,150.0,31.805315
10791900160251.0,2,C,2.8362599372031267,0.2747758208001866,21.245022,19.610184,19.006123,18.448854,90.0,31.432516,72.0,31.421473,90.0,31.641756,100.0,31.432224
10676700005304.0,2,B,2.5724630356485383,0.2679086524883355,21.765747,20.437708,19.845339000000003,19.47105,110.0,31.517866,40.0,30.654858,90.0,31.622545,90.0,31.326052
10689900015142.0,1,C,3.19115612480256,0.4137805386054894,20.501955,19.24878,18.95199,18.672829,86.0,31.441925,86.0,31.57671,86.0,31.51341,80.0,31.192314
11012600262094.0,1,C,2.364202089208717,0.3539407792077491,21.729029,20.17638,19.022568,18.58738,90.0,31.219852,150.0,32.29122,90.0,31.657047,159.0,31.914589
10716200016835.0,2,C,2.705472397102354,0.2761174083883858,20.671152,19.43103,18.98455,18.687935,102.0,31.535355,80.0,31.583117,160.0,32.261192,282.0,32.62041
10741800038335.0,2,C,2.484105525631001,0.2768522048578244,20.036297,18.534836,18.153019,17.843231,90.0,31.585829,31.0,30.502758,160.0,32.26105,60.0,30.802557
10741800025032.0,1,C,3.01962366901934,0.4007004255363578,21.600237,20.292011,20.488895,19.376766,90.0,31.553963,30.0,30.504757,160.0,32.255623,66.0,30.953503
10934900082923.0,1,A,4.131102627581992,0.4899384136768094,20.575878,19.506168,18.971317000000003,18.694193,267.0,32.76434,267.0,32.90631,333.0,33.094303,333.0,32.76675
10882100246694.0,5,C,3.1724571448028653,0.991622283629716,20.812729,19.652565,18.725681,18.921238,300.0,32.791306,200.0,32.51109,80.0,31.430967,90.0,31.289188
10717100110818.0,2,C,3.501663302618012,0.3631076786365168,19.543974,18.475218,18.052994,17.783348,90.0,31.550343,30.0,30.520067,90.0,31.663216,56.0,30.830128
10639100120189.0,2,B,2.782829581832007,0.2683945251701956,21.185942,19.966713,19.535385,19.153282,86.0,31.441763,86.0,31.571127,86.0,31.52105,145.0,31.693361
10858600126832.0,1,C,3.143883501307113,0.4101458212610616,21.4628,20.684525,20.283258,20.101055,90.0,31.575993,100.0,31.81646,90.0,31.632572,62.0,30.964216
10717100022485.0,1,B,1.7505403029538729,0.316264878737204,20.05809,19.597271,19.402397,19.377512,90.0,31.56385,30.0,30.52156,90.0,31.658466,56.0,30.82649
10638000084558.0,1,C,2.7444834201373687,0.3803964411427755,20.150974,19.091478,18.89914,18.540405,119.0,31.651363,44.0,30.779907,90.0,31.675274,219.0,32.257538
10766600130018.0,1,B,1.7597829222630956,0.3167773971338365,20.613111,19.360867,18.908764,18.585194,90.0,31.51801,90.0,31.695162,90.0,31.602503,90.0,31.284615
10998500097244.0,2,C,3.480928883105909,0.9021451421821924,20.27731,19.04115,18.568508,18.357658,90.0,31.402145,100.0,31.83489,262.0,32.791183,90.0,31.29651
10651300109212.0,3,C,2.3003835304922817,0.2905635089412314,20.57057,19.103638,18.629951,18.28228,86.0,31.438786,86.0,31.57043,100.0,31.712822,124.0,31.553646
10753700102942.0,2,B,2.031880433754558,0.6518418743265111,21.550320000000003,19.809395,19.002367,18.450335,90.0,31.3688,90.0,31.58688,90.0,31.651318,90.0,31.28554
10959300194634.0,1,C,3.959203492424189,0.4755338925294799,21.45502,19.815676,19.25638,18.967232,90.0,31.481014,90.0,31.671219,150.0,32.2525,303.0,32.65634
10870200005749.0,1,C,3.783703356195901,0.4610245881478355,21.372684,20.356062,19.979275,19.77032,240.0,32.54227,120.0,31.938179,120.0,31.945919,78.0,31.166645
10975000004792.0,4,C,2.026929011890788,0.8537265908818494,19.153412,17.912083,17.459782,17.172342,96.0,31.486929,150.0,32.188553,90.0,31.65294,30.0,30.281605
10779900099074.0,3,C,4.438286908259968,0.8548721284818981,19.047354,18.385801,18.19606,18.072598,90.0,31.440048,90.0,31.590752,90.0,31.662466,63.0,30.95628
10680100054780.0,2,B,3.5221197140283724,0.4695320022345225,18.777363,17.93674,17.495544,17.38989,116.0,31.655043,44.0,30.825191,90.0,31.701143,112.0,31.5144
10960600223591.0,3,B,1.8813261874765228,0.3063163186290235,21.11136,19.468004,18.850315,18.537659,100.0,31.619669,100.0,31.827095,173.0,32.329926,90.0,31.37206
10793900098826.0,1,C,3.4096325284128803,0.4308543835080619,21.902824,20.80401,20.337746,20.447748,90.0,31.568321,30.0,30.536673,90.0,31.633371,56.0,30.836296
10628800104820.0,1,C,2.543252051829928,0.3661432369870723,19.816063,18.718433,18.362843,18.047476,83.0,31.361877,175.0,32.1649,166.0,32.295628,100.0,31.488674
10895100172646.0,3,B,2.098109937056112,0.2924904966609385,20.382679,19.18811,18.725216,18.459469,200.0,32.433815,160.0,32.339935,250.0,32.78208,160.0,32.018185
10676500074370.0,1,C,2.048163980534358,0.3336604814951622,20.877087,19.438866,18.920448,18.556206,94.0,31.371916,78.0,30.863337,200.0,32.459072,250.0,32.3754
11024800145812.0,3,B,3.1461836876571048,0.2732470683711025,19.976545,18.685026,18.186157,17.915459,100.0,31.546993,300.0,32.96741,148.0,32.153294,90.0,31.428848
10729100145842.0,1,C,3.2144783120555878,0.4155818429464374,21.342237,20.196785,19.748114,19.505676,90.0,31.569286,30.0,30.461098,160.0,32.228577,90.0,31.228058
10677400172687.0,1,C,2.300553459889942,0.3497213493885036,20.556026,18.858902,18.303387,17.962114,285.0,32.6901,257.0,32.717743,145.0,32.130558,117.0,31.509892
10716600181552.0,1,B,2.503716207290392,0.3634081843691552,18.593872,18.248556,18.141817,18.113821,90.0,31.550674,50.0,30.982279,210.0,32.575638,250.0,32.386627
10612400023426.0,2,B,2.321612945485932,0.29511328127065,21.228329,19.848198,19.42504,19.080793,68.0,31.227999,40.0,30.675995,150.0,32.112957,250.0,32.453114
10612900048103.0,1,A,2.67763430662001,0.375601936629571,18.808167,18.109978,17.764072,17.619978,86.0,31.436878,60.0,31.265388,80.0,31.53275,300.0,32.677414
10754800036034.0,1,C,2.979108736872032,0.3976561940433881,20.182095,18.808788,18.500797,18.268147,90.0,31.566402,30.0,30.460842,203.0,32.507645,56.0,30.863186
10727800185892.0,2,C,3.790585636601854,0.3940181134527098,18.71065,18.387547,18.404964,18.276798,90.0,31.52603,62.0,31.261732,90.0,31.646923,120.0,31.587076
10806500143012.0,1,B,3.016211425925108,0.4004433463785005,21.08603,19.58406,19.009737,18.699566,90.0,31.577866,31.0,30.514465,90.0,31.671314,56.0,30.85712
10704300114844.0,2,A,2.8201371706030334,0.4414949405522542,20.625248000000003,19.194544,18.139057,17.776194,177.0,31.846899,147.0,31.672756,60.0,31.038265,81.0,31.200466
10689400047378.0,3,C,2.736594962288328,0.3607117991838464,20.550844,19.473959,19.348484,18.916088,93.0,31.373251,40.0,30.692717,90.0,31.687387,80.0,31.227219
10831900068729.0,2,B,3.735344642940936,0.4501699902054323,19.504768,18.667366,18.269396,17.951726999999998,90.0,31.552307,30.0,30.47232,90.0,31.6915,157.0,32.07352
10717200029815.0,1,A,3.886229000701009,0.4694755781282937,20.492754,18.890299,18.312328,17.99944,350.0,33.020996,350.0,33.178352,350.0,33.14026,177.0,32.058975
10665000000189.0,7,C,3.9708304717084206,0.5323862108418943,18.875803,17.95872,17.63511,17.438179,160.0,32.132214,254.3812,32.377785,100.0,31.623081,88.0,31.120745
10666900098562.0,1,C,1.787626646032106,0.3183326094763776,20.699001000000003,19.681557,19.477835,19.258556,108.0,31.749237,50.0,30.99004,180.0,32.386955,80.0,31.194746
10986500070126.0,1,C,2.1131576849615605,0.3376890789100545,20.092209,19.015846,18.725822,18.438316,40.0,30.652252,40.0,30.821075,45.0,30.849104,171.0,32.072548
11049000093156.0,2,C,3.3079162891437823,0.5292701837185184,21.689587,20.38945,20.171583,19.672583,267.0,32.594013,100.0,31.829132,60.0,31.144238,333.0,32.040234
10625900034881.0,1,C,2.785768195831263,0.383385712317308,20.759163,19.218071,18.826164,18.601246,86.0,31.435823,60.0,31.268993,80.0,31.527279,120.0,31.686094
10639500045749.0,1,C,2.4916670208998783,0.3625791023078974,20.4253,19.199741,19.029188,18.515862,166.0,32.075874,150.0,32.34455,167.0,32.280476,146.0,31.791588
10894800088084.0,1,C,2.868395901686271,0.389431008637096,19.763,18.721802,18.311817,18.03742,300.0,32.78365,150.0,32.19945,60.0,31.172667,333.0,32.54357
10651900019069.0,1,C,2.163584493197575,0.3408673328320713,20.942467,19.332047,18.72004,18.359358,285.0,32.7044,86.0,31.5712,145.0,32.14125,148.0,31.897564
10818200082080.0,1,C,2.8396640687982417,0.3873196099298844,18.977215,18.11583,17.72693,17.461672,90.0,31.419373,90.0,31.61698,102.0,31.739422,30.0,30.165537
10690300147886.0,2,C,4.031690141260118,0.3271361416571485,21.490875,19.895388,18.817097,18.244003,86.0,31.445381,46.0,30.833645,86.0,31.512897,80.0,31.172771
10999000147319.0,1,C,3.9460083244977215,0.4744358512697509,21.080482,19.696186,19.11171,18.725231,267.0,32.59103,210.0,32.59807,333.0,33.007107,333.0,32.682484
10960500092922.0,2,B,2.1794706161912165,0.3596871374911543,20.874771,19.564304,19.27638,18.967793,100.0,31.623945,150.0,32.21935,80.0,31.450474,120.0,31.64929
11036500023524.0,2,B,2.694310616799157,0.6031158060653427,21.042734,19.639826,19.268202,18.82289,90.0,31.529556,200.0,30.002207,90.0,31.605974,90.0,31.298756
11036300285412.0,4,C,2.7921825838558694,0.3643421207289725,20.523045,19.82164,19.59403,19.718557,90.0,31.478674,90.0,31.667456,90.0,31.60145,90.0,31.382996
10718100031999.0,2,C,2.8864990623973945,1.1318483583839425,21.872444,20.482183,19.221802,18.613241,267.0,32.634697,267.0,32.81706,90.0,31.651249,51.0,30.729906
11024700221382.0,1,C,2.654959710128473,0.373988864304881,19.463627,18.354214,17.894169,17.689255,100.0,31.581003,300.0,32.938435,100.0,31.747149,90.0,31.38914
10792700011819.0,1,C,1.4205481492591043,0.2992643153528911,20.505856,19.181417,18.898373,18.619854,90.0,31.41956,30.0,30.444519,90.0,31.666157,63.0,30.956882
10933600149716.0,1,C,5.453848551698243,0.6056601359249347,21.115097,19.518684,18.949863,18.610653,267.0,32.652897,267.0,32.836937,333.0,33.04716,333.0,32.754192
10831900188043.0,1,C,1.5815575679761449,0.3072341182359573,19.927168,18.358438,18.021132,17.885292,180.0,32.278397,30.0,30.526115,180.0,32.40661,157.0,32.07925
10677500048019.0,1,B,2.534142243579679,0.365511051962797,20.819561,19.505783,19.10391,18.810007,285.0,32.706406,130.0,31.985832,145.0,32.154194,184.0,32.1209
10882100310989.0,2,C,2.126259967488874,0.6167392996389863,20.955673,19.771772,19.287123,18.999916,300.0,32.78532,150.0,32.200977,90.0,31.729063,129.0,31.6843
10868900086809.0,1,C,2.40026390122713,0.356359689015664,21.976297,20.907501,19.333593,18.880878,90.0,31.420221,30.0,30.526823,213.0,32.60227,162.0,31.931505
10625800034281.0,3,A,3.520534709441835,0.4979855849556992,21.28238,19.757704,18.644047,18.265743,86.0,31.436865,86.0,31.570759,80.0,31.527008,101.0,31.466715
10638200157125.0,1,B,2.6842445334379232,0.3760734597826783,22.304237,20.229855,20.121067,19.752937,74.0,31.122646,40.0,30.683317,90.0,31.648848,99.0,31.447794
10946600142981.0,2,C,2.205480203706152,0.403907773229216,21.712416,20.918762,19.35305,18.829313,90.0,31.488739,90.0,31.677029,150.0,32.25955,60.0,30.990612
10753300047930.0,1,B,1.958248038471078,0.3282177841034185,19.52981,18.912857,18.60007,18.391937,90.0,31.51725,62.0,31.247957,90.0,31.685524,73.0,31.078896
10731000069715.0,1,B,3.168555343314815,0.4120400340215604,19.6698,18.637617,18.259933,17.917091,267.0,32.636078,267.0,32.82097,90.0,31.646217,51.0,30.746145
10769100036421.0,4,B,4.024091780787575,0.7781499941031917,20.779701,19.038433,18.249653,17.927044,300.0,32.75335,30.0,30.523596,40.0,30.742603,56.0,30.82299
10998900014483.0,1,C,2.914704482218242,0.3928544032929135,19.737059,18.8313,18.48029,18.285536,100.0,31.623863,100.0,31.818972,45.0,30.839106,90.0,31.30673
10934600282987.0,2,B,2.2938340656394747,0.3190292851376963,21.203045,19.947231,19.660435,19.260235,60.0,31.018795,60.0,31.16934,333.0,33.092396,333.0,32.79966
10640100073069.0,1,B,1.9599350238061344,0.3283184627391818,21.852295,20.301512,19.956436,19.64902,110.0,31.562773,57.0,31.09013,60.0,31.215439,198.0,32.14039
10664900066879.0,1,B,2.633105234680772,0.3724405882406385,19.425228,19.016113,18.792141,18.655167,82.0,31.27201,40.0,30.694992,117.0,31.89999,85.0,31.25547
10742500029259.0,2,C,1.5698041100176925,0.2952137764067368,20.233913,19.172882,18.893967,18.649084,90.0,31.54958,31.0,30.506931,90.0,31.652878,62.0,31.074371
10780400000664.0,1,A,2.104553237929365,0.3371513062599487,20.742176,19.409952,19.034761,18.69269,90.0,31.567417,30.0,30.456715,66.0,31.27683,90.0,31.230112
10666400013747.0,5,B,2.810619311871074,0.9509985114848072,21.114098,19.657778,18.627285,18.087208,113.0,31.642284,44.0,30.83688,80.0,31.469814,100.0,31.527664
10999900103905.0,1,C,3.87845760954232,0.4688324799863671,20.944223,19.637186,19.21385,18.819021,90.0,31.549286,150.0,32.25926,90.0,31.659597,90.0,31.238377
10781900136329.0,1,C,2.730252655904445,0.3793710000128275,20.4203,19.348568,18.86333,18.579195,300.0,32.74408,62.0,31.315989,146.0,32.142715,56.0,30.839989
10997100256311.0,1,C,2.5770237869716484,0.3684970501729654,21.858017,20.458378,20.009148,19.418701,90.0,31.568031,240.0,32.80385,180.0,32.444138,90.0,31.272568
10692700168934.0,1,B,2.347788516486057,0.3528465235501662,20.348282,19.298927,19.093561,18.801048,267.0,32.631763,267.0,32.835094,90.0,31.703144,267.0,32.523567
10703100089176.0,4,C,4.02908909158738,0.3547679122788382,19.201328,17.951416000000002,17.58738,17.368357,174.0,32.266636,90.0,31.579334,90.0,31.64946,80.0,31.163857
11061600054793.0,1,C,2.098282437631617,0.3367602290662198,20.219337,19.928934,19.404066,19.081524,100.0,31.61385,100.0,31.858158,90.0,31.654581,90.0,31.20942
10959100226821.0,1,C,2.4164989133726813,0.3574552139545785,21.933956,20.281527,19.217697,18.694725,90.0,31.493256,90.0,31.666855,150.0,32.12571,60.0,30.859362
10997900014606.0,2,B,2.736433546185532,0.3403162266336563,20.021622,19.070211,18.77567,18.62274,90.0,31.490475,90.0,31.679432,90.0,31.599295,90.0,31.392155
10679600098705.0,2,C,1.9505512496342767,0.3441766336572655,19.85847,18.941257,18.606426000000003,18.567970000000003,200.0,31.872208,40.0,30.80455,90.0,31.651608,95.0,31.324589
10716600029435.0,1,C,2.445603442281601,0.3594291612668568,18.688862,17.90235,17.655363,17.450207000000002,93.0,31.43014,47.0,30.896437,90.0,31.660961,120.0,31.666355
10934600133025.0,2,C,2.3743736994903903,0.2697239256579123,20.634186,19.461594,19.214737,18.873096,267.0,32.745953,267.0,32.83697,333.0,33.061264,333.0,32.773575
10715200205681.0,1,B,1.446895276330258,0.3005239082114235,21.793894,20.403727,19.043041,18.367247,300.0,32.855324,200.0,32.497276,250.0,32.602745,150.0,31.946884
11000500377561.0,3,C,2.8371704494279077,0.4498167357125163,21.666912,20.68679,20.70621,20.418154,96.0,31.709919,30.0,30.586523,70.0,31.123684,30.0,30.282373
10650800013421.0,1,A,1.935626777422947,0.3268731714515087,20.869816,19.519447,18.989628,18.477276,119.0,31.646082,44.0,30.778568,90.0,31.675987,199.0,32.160583
10919700408765.0,1,C,2.3767799959737395,0.3547821747109194,21.48603,20.020012,19.482162,19.42666,96.0,31.67316,30.0,30.568459,30.0,30.51584,30.0,30.223852
10999300075221.0,3,C,3.0062531167489293,0.4065063747985099,20.041393,18.653675,18.248632,18.013664000000002,40.0,30.651745,40.0,30.818825,45.0,30.854683,171.0,32.08933
10689000031396.0,1,A,2.746008413647256,0.3805064809937081,19.780169,18.438442,17.975437,17.653912,90.0,31.37949,30.0,30.494123,209.0,32.50447,94.0,31.319893
10858600020500.0,6,A,3.512209239479501,0.5409356454227373,19.988844,18.651579,18.33887,18.409676,90.0,31.58192,100.0,31.824093,90.0,31.635515,62.0,30.968895
10897200106093.0,2,C,3.0058714166585183,0.2849360972316565,20.20426,19.075783,18.663246,18.55798,90.0,31.631935,100.0,31.815208,90.0,31.659388,70.0,31.105843
10934600096379.0,1,C,2.051311436039258,0.3338537794847535,20.4864,19.470943,19.137663,18.757341,267.0,32.731937,100.0,31.82237,150.0,32.221794,333.0,32.76381
10667000062704.0,1,C,3.4103985156836223,0.4309150036350215,19.973663,19.14794,18.679941,18.540022,118.0,31.86244,50.0,30.985184,100.0,31.777748,143.0,31.77957
10781300130145.0,1,C,3.5630314053106065,0.4430930917451735,18.56641,17.94216,17.585663,17.477972,90.0,31.559776,31.0,30.56584,90.0,31.633892,56.0,30.83881
10960700016990.0,1,C,2.214482747463732,0.3441204707484651,18.527699,17.83609,17.44766,17.350798,100.0,31.61951,210.0,32.601276,90.0,31.661823,114.0,31.608105
10998300150702.0,3,B,3.0233454914288638,0.4669124291933257,17.993862,17.381802,17.24098,17.122505,90.0,31.399204,150.0,32.211967,184.0,32.40011,90.0,31.311169
10936200239632.0,2,C,3.3889723672527525,0.3985117803534704,21.464651,19.988338,19.673023,19.067387,240.0,32.479927,180.0,32.39231,300.0,33.040207,160.0,32.08661
10832200059518.0,1,B,3.745289457468665,0.4578771573274423,18.615732,17.74154,17.380156,17.08008,90.0,31.568829,30.0,30.522068,90.0,31.672123,150.0,32.010696
10818200072657.0,1,C,2.0357262987748177,0.3328984464295894,20.075436,18.972578,18.584984,18.323711,90.0,31.421911,90.0,31.58847,236.0,32.702232,85.0,31.149021
10959200234806.0,5,C,3.2245878840273234,0.4911851574296113,21.228642,19.706127,19.301983,19.110601000000003,200.0,32.459167,200.0,32.624348,200.0,32.563053,60.0,30.984154
10740800149113.0,1,C,1.8917206551472183,0.3242925074236317,21.00037,19.573946,19.287518,18.984083,90.0,31.411234,90.0,31.58663,163.0,32.251225,90.0,31.286398
10703200038523.0,1,C,1.6886249186221034,0.31288033041071,19.670992,18.776287,18.533615,18.274284,174.0,32.263786,66.0,31.300613,90.0,31.5708,112.0,31.514067
10729200084308.0,1,B,1.2939439239842814,0.2934662992306926,19.882908,18.93715,18.683777,18.441874,90.0,31.55622,31.0,30.519588,160.0,32.25976,90.0,31.241114
10896500118815.0,1,C,3.19423605817067,0.4140181154891377,21.72701,20.364817,19.834278,19.320597,100.0,31.61003,100.0,31.80919,90.0,31.671612,70.0,31.097702
10934700091568.0,2,C,2.2587883406050464,0.2755527552521026,20.118828,18.591839,18.088394,17.812416,90.0,31.419788,30.0,30.531202,151.0,32.119713,71.0,31.079706
10819500020822.0,4,B,2.5603721286395444,0.4184498726303793,21.489056,20.191639,19.013935,18.755184,90.0,31.586206,41.0,30.825846,90.0,31.670246,56.0,30.85065
10946100013561.0,1,C,1.6302972765570647,0.3097712899858439,20.61966,19.547302,19.090904,18.81549,267.0,32.662075,170.0,32.379242,333.0,33.033573,333.0,32.7582
10729000135498.0,1,C,2.577373268350598,0.3685214914276811,19.657879,18.516321,18.123676,17.790236,90.0,31.546593,30.0,30.428476,160.0,32.242775,60.0,30.794153
10804900009785.0,1,C,1.54826768953084,0.3055337761761401,20.171673,18.791481,18.238113,17.949404,90.0,31.396624,90.0,31.690403,90.0,31.64114,100.0,31.410948
10870200100679.0,1,C,2.748022847401464,0.3806518825625384,21.006159,19.332859,18.744806,18.502394,240.0,32.554005,30.0,30.465796,120.0,31.9348,78.0,31.174221
10766200135193.0,2,B,4.317671318508959,0.403514745824283,18.575064,17.541563,17.230186,17.129429000000002,90.0,31.415913,62.0,31.233093,90.0,31.686989,150.0,31.680948
10806300008425.0,2,C,2.482116986795033,0.313893567580798,21.408203,21.184109,20.965012,20.757244,180.0,32.169178,30.0,30.479034,180.0,32.371223,80.0,31.267834
10715500122510.0,1,A,2.3945783070732816,0.355976983366986,20.25544,19.026045,18.605833,18.333754000000003,90.0,31.381317,90.0,31.682934,90.0,31.656815,77.0,31.16042
10640800012700.0,1,C,1.846104139687796,0.3216528640409163,20.602001,19.475048,18.809006,18.628494,250.0,32.584457,170.0,32.421577,250.0,32.77748,240.0,32.280922
10678600072995.0,1,B,3.2291705260181702,0.4167193094410729,19.459625,18.476707,18.16156,17.896484,123.0,31.689384,175.0,31.576448,110.0,31.808033,80.0,31.3004
11011500193927.0,1,C,2.4955945432000664,0.3628491163562335,19.44077,18.505123,18.09779,17.825426,90.0,31.497059,85.0,31.67758,150.0,32.247585,240.0,32.478794
10844900015323.0,4,A,3.901768099096461,1.0658090890300391,21.25904,19.516628,18.429749,18.02953,90.0,31.570145,30.0,30.5859,90.0,31.668715,50.0,30.729443
10793400113870.0,1,C,1.6170695723797808,0.3090771748595571,19.871609,19.184288,18.706736,18.49768,90.0,31.565876,30.0,30.48614,90.0,31.660332,50.0,30.753666
10794400147159.0,2,C,4.962855152307906,0.3039639684421779,21.338045,21.12767,20.727318,21.022547,90.0,31.58008,50.0,31.149958,90.0,31.633045,121.0,31.780075
10806800111505.0,1,C,4.182665984307405,0.4942939483372443,19.625055,18.514242000000003,18.159956,17.83176,90.0,31.566353,41.0,30.83092,90.0,31.665455,56.0,30.83664
10689300132913.0,1,C,1.9489394287543644,0.3276632554460965,21.694115,19.970518,19.335285,18.746002,96.0,31.401836,70.0,31.421999,90.0,31.66211,250.0,32.37373
10832300031667.0,1,C,2.063047723560788,0.3345761783165284,20.529696,19.11155,18.61998,18.221458,90.0,31.530022,31.0,30.513636,90.0,31.681911,123.0,31.796562
10857200141819.0,2,C,1.919681622114785,0.27669744380406,21.732521,20.995918,20.30077,20.160297,90.0,31.551004,30.0,30.511005,90.0,31.635462,65.0,31.01273
10769800092295.0,1,B,1.4925862033121335,0.3027502200547132,20.639286,19.884504,19.704426,19.41867,90.0,31.576931,43.0,30.918936,117.0,31.923811,94.0,31.412579
10614900006873.0,1,B,2.318222420942158,0.350886180875778,20.508991,19.123306,18.993683,18.372196,157.0,31.987968,56.0,31.06997,90.0,31.651312,120.0,31.662506
10704100052564.0,1,B,2.0656428200817145,0.3347362582714209,21.376436,20.015156,19.231176,18.925772,191.0,32.00077,40.0,30.697975,90.0,31.64367,117.0,31.62921
10704100025613.0,1,C,3.4852308161463963,0.4368614178640232,20.956547,19.89398,19.609837,19.283606,125.0,31.739067,40.0,30.704655,90.0,31.657818,119.0,31.638699
10690800034845.0,1,C,2.236623868142204,0.3455494512735246,21.34355,20.46212,19.984234,19.698479000000003,138.0,31.961079,40.0,30.804577,160.0,32.2573,117.0,31.570234
10625900022181.0,1,C,2.4317300515498137,0.3584866391319272,20.230333,19.129538,18.759148,18.447157,151.0,31.878304,86.0,31.57037,80.0,31.51984,80.0,31.164192
10729300149909.0,2,A,4.579786425719462,0.2815726079485977,20.228073,18.675934,18.145706,17.805046,90.0,31.574768,30.0,30.45434,210.0,32.581707,56.0,30.837101
10727900057634.0,2,C,3.546677844159136,0.2841277121046671,21.852562,20.777882,20.227818,20.362356,90.0,31.40823,65.0,31.289165,90.0,31.682167,60.0,30.852453
10897200239637.0,1,C,1.849588632845533,0.321852980578888,21.204285,20.375349,20.134417000000003,19.641796,90.0,31.565845,100.0,31.809893,90.0,31.661177,128.0,31.820883
10756700020248.0,3,C,3.008786968166534,0.7057493873839105,21.255817,19.567513,18.882902,18.255505,90.0,31.56077,82.0,31.5508,90.0,31.651958,135.0,31.813597
10958900036875.0,1,A,2.40421288755811,0.3566257927954805,19.356735,17.927359,17.447353,16.999129999999997,90.0,31.474922,30.0,30.515074,90.0,31.601044,90.0,31.36028
10908900026456.0,2,B,2.873699874091816,0.3590797801629911,18.996742,17.647896,17.054306,16.934525,90.0,31.578552,30.0,30.48397,90.0,31.663942,94.0,31.425407
10716700033649.0,1,C,2.4765479520730533,0.3615417784837215,21.748703,20.007446,19.314205,18.932121,90.0,31.553345,32.0,30.549109,90.0,31.661089,147.0,32.034824
10807500121371.0,1,C,4.624802466571806,0.5322288403948875,20.194818,19.095013,18.54477,18.234478,300.0,32.748337,30.0,30.527517,90.0,31.64937,87.0,31.286268
10998100229447.0,1,C,2.077061074342234,0.3354420770646956,17.850873999999997,17.581448,17.575810999999998,17.508038,90.0,31.475485,90.0,31.66176,90.0,31.565338,60.0,30.896683
10626200106741.0,1,C,1.7189474578721504,0.3145272065008865,20.54134,19.38451,19.036331,18.491158,300.0,32.897736,240.0,32.85807,300.0,32.997147,240.0,32.507206
10845800096259.0,1,C,2.6549317491581186,0.3739868793512386,21.228119,19.642004,19.21429,18.878386,90.0,31.571444,100.0,31.815464,90.0,31.65824,62.0,30.966274
10715800067036.0,1,C,2.0446662203727453,0.3334458869551905,19.443792,18.66798,18.412796,18.166988,90.0,31.419037,90.0,31.589012,90.0,31.651096,113.0,31.513966
10664800077603.0,1,C,1.9644573868359143,0.3285886307329301,20.558758,19.04676,18.702023,18.334568,86.0,31.444695,86.0,31.573114,86.0,31.515099,80.0,31.166874
10638500106639.0,1,C,2.875697471643375,0.3899691263217654,19.161695,18.124146,17.721226,17.484793,86.0,31.438896,86.0,31.568184,100.0,31.695293,100.0,31.04079
10652100019526.0,2,C,3.741153746928923,0.2634506165649389,19.939402,18.872770000000003,18.65142,18.443966,174.0,32.248478,60.0,31.136972,30.0,30.403126,81.0,31.112366
10818100164892.0,4,B,5.26022450030684,0.4216492411665717,18.379927,17.489475,16.94014,16.820726,350.0,33.02003,100.0,31.66932,350.0,33.118675,300.0,32.665092
10883400042968.0,1,C,1.4437779818904133,0.3003739479547378,20.401009,19.584274,19.11227,18.820547,90.0,31.568808,61.0,31.258972,90.0,31.737576,118.0,31.74627
10779300004715.0,1,C,1.5867875119624462,0.3075036684028334,20.800537,19.26146,18.677233,18.323612,90.0,31.421913,90.0,31.69098,90.0,31.650541,125.0,31.736464
10922100204352.0,1,C,2.9253652940350787,0.3936460098050651,20.568138,19.166958,18.830795,18.615402,100.0,31.606756,300.0,33.041225,267.0,32.652863,128.0,31.779093
10985400105978.0,1,C,1.4174687149666223,0.2991182635331572,19.652493,18.90866,18.513554,18.276241,240.0,32.470932,90.0,31.668522,90.0,31.587032,90.0,31.299776
10653600037230.0,2,C,1.874099699600689,0.3240240285988753,18.445305,18.367983,17.979935,18.19862,94.0,31.46661,57.0,31.088797,80.0,31.476456,80.0,31.163092
10639800103174.0,2,C,4.994311206662244,0.8569686278407703,20.103273,18.91809,18.504543,18.198053,116.0,31.803175,60.0,31.276918,90.0,31.643456,100.0,31.518143
11036000320808.0,3,C,4.88197011037373,0.4222953293408346,18.392555,17.255634,16.811207,16.655075,90.0,31.480787,90.0,31.665949,200.0,32.52664,90.0,31.241056
10679400088380.0,2,C,1.7992984273967014,0.3784464541307281,20.341171,19.161026,18.90224,18.54943,110.0,31.598,40.0,30.70191,80.0,31.555523,126.0,31.67775
10753500153837.0,2,B,3.709385981936672,0.5809086848239265,21.47118,20.331947,19.822641,19.676828,90.0,31.418339,65.0,31.301668,90.0,31.682095,90.0,31.314495
10909200260372.0,1,B,1.924398570529642,0.3262095317162962,21.134583,20.079016,19.436382,19.210342,100.0,31.597391,150.0,32.22429,45.0,30.808159,98.0,31.5537
10628400094358.0,1,C,3.140849832578046,0.4099133282878899,21.704782,20.346678,19.763159,19.39832,165.0,32.05126,40.0,30.69722,290.0,32.912445,250.0,32.418182
10613000094310.0,4,C,3.1191669470379684,0.2789815793712625,19.959358,18.80505,18.125824,17.880760000000002,86.0,31.434254,86.0,31.596565,80.0,31.525532,80.0,31.164354
10754000135935.0,4,C,3.9055210095764776,0.4979568176068958,21.883951,20.59964,19.363373,19.684582,120.0,31.737162,120.0,31.945312,90.0,31.629192,70.0,31.049274
10805300010256.0,2,B,2.038355546662188,0.3282143831005216,21.926437,20.84834,20.280455,19.740604,84.0,31.467016,70.0,31.416656,140.0,32.136566,200.0,32.23716
11012500204279.0,1,A,1.9515798918948304,0.3278203787815553,21.635925,20.881647,20.471191,20.206348,90.0,31.373287,150.0,32.219334,90.0,31.640697,90.0,31.23544
10677100063507.0,2,C,1.9388474228000907,0.4110229417562254,19.615438,18.522799,18.192244,17.994917,86.0,31.44413,86.0,31.575405,100.0,31.703176,130.0,31.746595
10984900227548.0,2,C,3.096109449903554,0.3630956967969682,19.63874,18.988570000000003,18.822803,19.004599,90.0,31.469135,90.0,31.677643,150.0,32.25934,147.0,31.889975
10894800107640.0,1,B,2.341550255746814,0.3524317465863138,20.828169,19.581312,19.210743,18.870441,300.0,32.78911,150.0,32.20369,60.0,31.174314,333.0,32.54894
10996600261223.0,3,C,4.989170778174221,0.694965551310526,20.814295,19.901064,18.918898,18.288769,96.0,31.598269,30.0,30.525116,30.0,30.476122,30.0,30.265182
10984700001034.0,1,C,1.2659280842119165,0.2922418504320771,20.216732,19.259508,18.83488,18.631231,90.0,31.478401,90.0,31.669106,73.0,31.393003,90.0,31.380783
10986300148976.0,1,C,1.3464670044517522,0.2958196983650222,20.91652,19.891615,18.763805,18.140644,100.0,31.600124,100.0,31.813772,45.0,30.848408,126.0,31.739305
10897600090743.0,2,C,4.194705148863125,0.2662786147722406,20.504986,19.302608,18.84925,18.43834,90.0,31.586855,100.0,31.818665,226.0,32.67026,120.0,31.672068
10856500158211.0,5,C,2.5026127642549048,0.2824247733667942,20.140673,18.902435,18.556047,18.276402,300.0,32.73386,150.0,32.168354,92.0,31.61969,110.0,31.551884
10651900203793.0,1,B,2.3788058437584048,0.3549179235020279,20.301174,19.017736,18.634254,18.411396,285.0,32.657528,68.0,31.339298,145.0,32.128212,100.0,31.517698
11010800268439.0,1,C,1.760446654592255,0.3168142740418282,20.61863,19.335144,18.8549,18.612045,90.0,31.474241,90.0,31.661028,60.0,31.206755,123.0,31.721865
10922200126601.0,3,C,2.544750144064588,0.7669112259039752,20.372383,19.01103,18.698185,18.4847,100.0,31.620632,210.0,32.58937,133.0,32.039032,196.0,32.29786
10843300125580.0,1,C,1.920847750905508,0.3260001853091306,20.337765,19.604624,19.326687,19.229145000000003,90.0,31.409296,90.0,31.668444,243.0,32.741722,83.0,31.295805
10666800105006.0,2,B,1.7271558023311266,0.3851808530940541,20.097313,18.80313,18.376762,18.055563,108.0,31.607147,48.0,30.922268,153.0,32.21186,250.0,32.28689
11024400107114.0,1,C,1.6416362848877464,0.3103695489551132,21.293882,19.72858,18.508629,18.211647,100.0,31.6183,150.0,32.219326,150.0,32.23525,158.0,31.96745
10677600169629.0,4,B,3.1559060727910184,0.4491438370430273,19.716,18.751398,18.499931,18.215916,86.0,31.419884,86.0,31.584263,86.0,31.520084,80.0,31.191109
10793100002012.0,1,C,2.9636550157639507,0.3964997736753808,21.955608,20.61661,20.11723,19.723724,90.0,31.08788,30.0,30.491402,113.0,31.892746,90.0,31.247334
10921400061859.0,1,C,2.0583089131855505,0.3342841842220341,20.087387,18.924583,18.51213,18.229801,90.0,31.484806,90.0,31.661943,30.0,30.479046,225.0,32.201164
10769100095411.0,2,B,5.214430392368929,0.4293979754285595,21.090034,20.063068,19.618464000000003,19.432774,300.0,32.749985,30.0,30.532436,90.0,31.650867,56.0,30.840649
10985100248216.0,2,B,1.9318428898008613,0.2952043086133591,19.483994,18.942413,18.628922,18.600742,267.0,32.725735,267.0,32.904675,150.0,32.27237,333.0,32.799686
10691800096441.0,2,C,1.6431245079073786,0.2935408123012961,20.199686,19.224148,19.103786,18.65942,74.0,31.286314,58.0,31.200329,90.0,31.635952,96.0,31.257027
10960100282049.0,1,B,3.123166532944213,0.4085599734739416,21.803871,20.915245,20.204216,19.96415,240.0,32.47321,180.0,32.421623,180.0,32.262886,50.0,30.683891
10894900002229.0,6,B,4.405404212879143,0.4060403761021112,21.299477,20.129547,19.30202,18.906254,267.0,32.691124,150.0,32.196335,60.0,31.165405,333.0,32.5415
10769800070895.0,1,C,2.655399607881598,0.3740200940796864,19.994806,18.868687,18.408354,17.969847,90.0,31.568243,40.0,30.82848,90.0,31.508888,150.0,31.810797
10677900071557.0,1,C,1.968830622308144,0.3288502701738022,18.98451,17.653107000000002,17.236128,17.004248,88.0,31.359411,49.0,30.99976,30.0,30.400997,94.0,31.198746
10987300428180.0,2,C,2.0126655682732504,0.368565511069926,21.79692,20.295483,19.370588,18.993484,90.0,31.56558,100.0,31.85013,200.0,32.51561,30.0,30.150402
10755600020606.0,3,C,2.505438137891362,0.5836574277743635,20.757812,19.604694,19.390661,19.083862,200.0,32.432278,180.0,32.455723,250.0,32.83275,240.0,32.454315
10884300075409.0,2,C,2.677811466960363,0.4305520270487282,21.74675,20.064651,19.526295,19.158577,100.0,31.576767,100.0,31.819042,90.0,31.660717,82.0,31.224808
10894900180064.0,1,C,3.1980828453769363,0.414314975422012,20.278307,19.436493,19.19884,18.989525,300.0,32.783386,150.0,32.196865,80.0,31.432165,90.0,31.35194
10627200006227.0,1,B,1.7185215827512712,0.3145039336857638,20.67083,19.547152,19.136913,18.839094,200.0,32.482426,200.0,32.65809,300.0,33.02954,200.0,32.222015
10718000128862.0,3,C,2.8238789266721214,0.302308558374928,20.838726,19.606518,19.271263,19.082575,250.0,32.538025,250.0,32.75126,200.0,32.48096,75.0,31.1534
10806500116011.0,1,B,3.284084817265084,0.4209889438808464,18.949305,18.36949,18.180294,18.131296,90.0,31.557571,30.0,30.573017,90.0,31.654402,56.0,30.848202
10946700150390.0,1,B,3.0403657830589967,0.4022658336821056,20.346554,19.464447,17.857632000000002,17.671985999999997,90.0,31.590765,95.0,31.78118,150.0,32.24244,90.0,31.404734
10871300178144.0,2,C,4.9739658864766,0.6105456020926213,19.252806,18.150452,17.688126,17.308619,100.0,31.570877,100.0,31.830986,90.0,31.635323,93.0,31.459808
10692100026577.0,1,B,2.68448479929464,0.3760906092638313,21.675518,20.079054,19.095676,18.828207,115.0,31.699444,40.0,30.80458,35.0,30.573776,108.0,31.505257
10677400005901.0,5,C,2.2733772202890465,0.402763103064739,20.072075,18.807726,18.433815,18.494495,285.0,32.70217,257.0,32.720238,145.0,32.135696,117.0,31.503574
10717000090485.0,1,C,2.001079360171301,0.3307910912600819,21.383787,19.895622,19.27394,18.899520000000003,90.0,31.552013,31.0,30.498257,110.0,31.803549,100.0,31.429523
10676300171714.0,3,B,2.1993972414724605,0.3499476619703933,20.60602,18.973963,18.526583,18.260654,90.0,31.38184,30.0,30.488163,209.0,32.50446,70.0,31.02167
10676200037943.0,2,C,2.051808287580159,0.2650102580891083,19.109707,18.603487,18.417551,18.30307,90.0,31.392159,35.0,30.61363,90.0,31.664034,70.0,31.03723
10754800098755.0,1,A,2.3363872940730586,0.3520889317758516,20.397322,18.804832,18.13173,17.860588,90.0,31.556793,30.0,30.489288,160.0,32.2452,80.0,31.2726
10779300105059.0,2,C,2.0303001883072183,0.2710977118355987,21.167198000000003,19.567533,19.033699,18.809036,90.0,31.409771,90.0,31.694128,90.0,31.652704,124.0,31.726534
10729000002684.0,3,C,2.677292845693089,0.2681356002553317,21.403862,20.003298,19.635273,18.982958,90.0,31.552677,30.0,30.506111,160.0,32.240845,60.0,30.787697
10858200175702.0,1,C,2.657432609040108,0.3741644567778949,19.714064,18.823433,18.57764,18.305475,100.0,31.612017,150.0,32.19305,189.0,32.410965,176.0,32.203434
10832800034130.0,1,C,2.053051727050335,0.33396073712256,21.98521,20.276007,19.109776,19.074745,90.0,31.557762,100.0,31.827904,90.0,31.63963,62.0,30.97805
10782400044826.0,1,C,2.261606013903089,0.3471716832076403,20.91406,19.528805,19.06475,18.767708,90.0,31.581959,53.0,31.148869,90.0,31.630829,70.0,31.106224
10794100095151.0,1,C,2.001766233271236,0.3308326473107651,21.488735,19.827171,19.126083,18.789898,300.0,32.780926,300.0,32.986008,300.0,32.9154,59.0,30.882446
10742500001742.0,2,C,2.2448380807846817,0.8385296373855907,19.163511,18.329931,17.93243,17.741257,90.0,31.55557,30.0,30.52509,189.0,32.42262,56.0,30.84747
10680100000730.0,1,B,3.3490141346185704,0.426073370135649,18.966125,17.95747,17.551052,17.303625,116.0,31.652618,44.0,30.826141,90.0,31.698336,112.0,31.503805
10806000064148.0,2,C,2.562088444793199,0.4241585148083995,21.2267,19.54038,18.887123000000003,18.349262,90.0,31.58819,36.0,30.661446,99.0,31.745754,90.0,31.247173
10922500002481.0,1,C,3.4772976015022388,0.4362287772420937,20.72996,19.204979,18.685965,18.360077,267.0,32.76278,267.0,32.902878,333.0,33.085056,333.0,32.75905
10768300086459.0,1,B,2.6801062585320814,0.3757781999667202,18.746033,17.931534,17.715904000000002,17.524166,90.0,31.541813,41.0,30.811954,90.0,31.667995,56.0,30.833591
10984500033008.0,1,C,3.0100557397293217,0.3999798939481513,21.899231,20.915195,20.151058,19.894056,90.0,31.440422,90.0,31.621517,76.0,31.432096,90.0,31.35843
10806800054647.0,3,C,3.392715281761632,0.3391280583032924,21.658405,20.219172,19.702078,19.45385,90.0,31.582775,41.0,30.811514,90.0,31.642204,56.0,30.851967
10908900019074.0,1,C,2.008976781005858,0.3312694327374721,19.681442,18.769512,18.430857,18.25982,90.0,31.563616,30.0,30.48418,90.0,31.657953,94.0,31.41343
10972300004622.0,1,C,1.968193506841643,0.328812129952251,20.880486,19.502266,18.972672,18.619091,267.0,32.734997,267.0,32.89999,333.0,33.05176,333.0,32.7874
10986200123748.0,1,C,2.440304066449201,0.3590687947556639,19.171383,18.445713,18.081503,17.957481,100.0,31.612665,150.0,32.187473,45.0,30.837214,90.0,31.287577
10613500051716.0,4,B,2.8446913754023453,0.7423295831839702,20.589764,20.099255,19.291441,18.934908,86.0,31.39204,100.0,31.884695,100.0,31.833685,180.0,32.080082
10754000047250.0,1,C,1.4333717709784728,0.2998751512519496,18.764435,18.480654,18.279495,18.29712,120.0,31.74962,90.0,31.680767,80.0,31.430893,70.0,31.054516
11025400145012.0,1,B,1.9958838205007896,0.3304770525306837,21.629805,20.30651,19.807270000000003,19.435942,90.0,31.574255,30.0,30.554129,90.0,31.660183,50.0,30.750175
10984900072228.0,2,C,3.581756102493165,0.5000985767226481,19.673782,18.4328,17.9361,17.935364,90.0,31.484962,90.0,31.67338,150.0,32.255062,60.0,29.889349
10678400025578.0,3,C,3.3581202652926083,0.89394031727631,21.497559,20.021006,19.22623,18.965567,116.0,31.868946,56.0,30.9716,114.0,31.896423,80.0,30.637215
10640100118067.0,1,C,2.457430807712158,0.3602349535330078,19.440216,18.609348,18.268677,18.001739999999998,103.0,31.520836,119.0,31.923737,60.0,31.21824,199.0,32.15538
10627200118729.0,1,C,4.240464856962007,0.4991943329318735,21.66539,20.253246,19.79078,19.517456,147.0,31.940716,220.0,32.547737,300.0,33.03337,200.0,32.22072
10806300189785.0,2,B,4.447655488631421,0.3153029930892571,19.37862,17.67983,17.082394,17.164331,180.0,32.168392,30.0,30.474522,180.0,32.377304,30.0,30.18018
10677600030498.0,5,B,2.2739603410042544,0.4158433641351227,20.410837,19.257153,18.811295,18.530771,174.0,32.25626,200.0,32.652626,86.0,31.521172,116.0,31.498482
10692700061187.0,1,B,1.4027621070538174,0.2984241533285479,21.916748,20.232119,19.755276,19.58885,267.0,32.636913,267.0,32.821636,90.0,31.72794,115.0,31.551996
10972800153166.0,1,B,2.79052195275959,0.3837312701466118,21.700062,20.043194,19.344791,19.096685,240.0,32.47474,180.0,32.390644,180.0,32.374313,90.0,31.292515
10691000166251.0,2,C,2.351853375918292,0.851433582120787,20.091608,19.041012,18.672794,18.444048,173.0,31.887579,59.0,31.211193,210.0,32.578377,163.0,31.95535
10807800109537.0,1,C,3.852345662262796,0.4666746522102415,19.61681,18.396605,17.744535,17.494272,90.0,31.582075,100.0,31.818243,90.0,31.64421,70.0,31.117723
10907500073642.0,2,C,4.134459930886376,0.2997287710622999,18.184074,17.548758,17.466843,17.478037,90.0,31.542019,90.0,31.644457,90.0,31.683344,72.0,31.072525
10985200202073.0,1,C,1.764019023691623,0.3170129195466006,20.12893,18.631985,18.02786,17.154068,90.0,31.477448,90.0,31.67045,90.0,31.617311,90.0,31.407698
10820300030266.0,1,B,2.478635225542569,0.3616847879203722,19.736979,18.824154,18.441938,18.109886,90.0,31.565187,30.0,30.537008,90.0,31.668615,87.0,31.280655
10742600056903.0,1,C,1.9329452951012271,0.3267144550498794,20.733282,19.063381,18.648108,18.245865,90.0,31.55492,31.0,30.504822,60.0,31.22137,56.0,30.841747
10793400045384.0,1,C,3.257677480026953,0.4189321969468897,20.791672,19.796192,19.450653,19.136889,90.0,31.56057,30.0,30.46494,90.0,31.65763,50.0,30.750492
10985100082801.0,1,B,0.9235659928412376,0.2791223771597831,20.064255,19.234444,18.935783,18.557692000000003,90.0,31.489483,90.0,31.661648,150.0,32.2561,60.0,30.985155
10844200013893.0,2,C,2.417077090513397,0.3062960133067788,21.28364,19.617485,19.080643,18.547787,90.0,31.56058,120.0,31.937315,124.0,31.996887,90.0,31.250246
10640800069017.0,5,B,4.010806833024541,0.5710011791778319,19.501278,18.137142,17.698176999999998,17.492957999999998,250.0,32.583282,170.0,32.40949,250.0,32.770035,240.0,32.287735
10715000101026.0,1,B,3.475929003404612,0.4361196904143332,19.318178,18.346655,17.988989,17.808037,90.0,31.519361,62.0,31.251339,90.0,31.652536,120.0,31.580395
10653200043197.0,2,B,2.548838458502031,0.360864729498289,18.97174,18.578846,18.320091,18.25614,79.0,31.383121,40.0,30.772867,90.0,31.588886,100.0,31.500698
11023700031580.0,1,B,2.333201350175557,0.3518776000324692,21.517738,20.790237,20.260431,19.954403,90.0,31.464548,90.0,31.68178,90.0,31.604183,161.0,31.997124
10856200169034.0,1,B,1.7083490458975947,0.3139492389323348,20.764376,19.475863,19.165625,18.821308,90.0,31.40273,90.0,31.69829,213.0,32.603954,162.0,31.928034
10651000158564.0,2,C,3.210647447340838,0.2968283204577366,20.148022,18.965519,18.54911,18.180511,101.0,31.454084,40.0,30.679544,90.0,31.674591,102.0,31.472458
10999400314062.0,1,C,3.6647186920061783,0.4513105260409897,20.545769,20.07144,20.44854,19.746803,40.0,30.620132,40.0,30.820166,45.0,30.836035,90.0,31.37199
10703300138977.0,1,C,1.357923001760049,0.2963428905627571,19.203278,18.619423,18.313286,18.217083,108.0,31.658978,40.0,30.711723,160.0,32.26226,240.0,32.464516
10781000078919.0,3,C,2.880655471771238,0.8691796033328966,20.868473,19.563883,19.174915,18.817196,90.0,31.57587,31.0,30.508942,90.0,31.663452,73.0,31.259203
10741700051963.0,1,B,1.7951786002680354,0.318757309043421,21.444553,19.819248,19.322094,18.902002,90.0,31.556358,30.0,30.498573,160.0,32.260414,60.0,30.785433
10703300170733.0,1,C,2.989937061211644,0.3984680618318979,20.566082,19.12305,18.341574,18.171825,130.0,31.796465,72.0,31.380558,90.0,31.573078,80.0,31.162312
10998200208788.0,4,C,2.424861399153718,0.3024498137084431,20.991089,20.0746,19.266056,18.971346,267.0,32.73799,90.0,31.6637,333.0,33.10276,333.0,32.837505
10677900022695.0,4,A,2.3292506891388545,0.2951543032219526,20.619114,19.03909,18.42772,18.122223,88.0,31.372944,77.0,31.48165,90.0,31.60139,179.0,32.049995
10947200162845.0,1,C,4.013011222941648,0.4800230731481105,19.681515,18.460724,18.06655,17.766567000000002,240.0,32.462902,180.0,32.34298,90.0,31.571154,90.0,31.340178
10946500086715.0,1,A,1.94509646976146,0.3274348221658548,20.160204,18.937927,18.648157,18.413376,90.0,31.49659,90.0,31.673512,150.0,32.24322,196.0,32.24589
10717000151968.0,1,B,2.733397385331295,0.3795973823162636,21.02639,19.60867,19.057405,18.78904,90.0,31.560722,31.0,30.496952,110.0,31.8047,100.0,31.418148
10703400012265.0,1,A,1.473430988429274,0.3018104517352517,19.629332,18.25049,17.655929999999998,17.371342000000002,102.0,31.53633,40.0,30.69794,160.0,32.27808,214.0,32.091534
10679600136878.0,1,B,2.305825720793317,0.3500683969551096,18.835732,17.913874,17.554008,17.365257,200.0,31.881691,40.0,30.794512,90.0,31.651941,95.0,31.330425
10767800082040.0,3,A,2.4666532577688964,0.3667682670940683,20.552235,19.100203,18.81976,18.573435,90.0,31.570396,30.0,30.492306,90.0,31.666174,56.0,30.859617
10626700038887.0,1,C,3.502311814372373,0.4382253306815148,18.865856,17.958172,17.67357,17.34505,175.0,32.12015,150.0,32.34912,167.0,32.26767,90.0,31.311989
10690100083768.0,2,C,1.7384461933866628,0.5237599761150937,20.241846,19.593725,19.440006,19.396702,300.0,32.651398,300.0,32.919506,300.0,32.83837,80.0,31.167446
10883000170861.0,1,C,1.7341082420020957,0.3153583262731396,19.867203,18.879095,17.866844,17.433304,240.0,32.55159,30.0,30.466473,120.0,31.928436,78.0,31.18023
10882300004495.0,1,C,2.4639704893218592,0.3606813908735659,21.607246,19.940125,18.958103,18.655571,267.0,32.647556,267.0,32.905586,333.0,33.09162,333.0,32.78539
10755000017524.0,2,C,2.295156303089221,0.8231288853862695,19.575232,18.837624,18.618141,18.57605,90.0,31.57339,30.0,30.46711,90.0,31.652596,56.0,30.84862
10985600075284.0,1,C,2.927804077925926,0.3938272809077563,21.943563,20.326283,19.663399,19.418318,240.0,32.476322,180.0,32.3728,184.0,32.395363,90.0,31.290297
10818500142317.0,1,C,3.4587183639072583,0.4347492233555949,20.705124,19.38504,19.046783,18.692858,90.0,31.558517,41.0,30.825165,90.0,31.671635,60.0,30.79321
10664900001126.0,1,B,1.8412214066650376,0.3213728717294224,21.040989,19.578293,19.038616,18.703564,160.0,32.13641,254.3812,32.376816,90.0,31.614567,98.0,31.427698
10895200025230.0,1,B,1.2542108473751488,0.2917361967544221,21.278229,21.120556,19.554264,19.173399,60.0,31.12543,100.0,31.731672,333.0,33.0501,333.0,32.78015
10960300019273.0,1,C,2.00759752527766,0.3311858062100636,19.186726,17.76357,17.334885,16.957767,90.0,31.424715,90.0,31.600872,45.0,30.772503,90.0,31.356422
10999600180530.0,1,C,3.1867886221917487,0.4134438017739628,21.806046,21.230366,20.944122,20.886017,90.0,31.554724,150.0,32.309185,83.0,31.5567,152.0,32.03122
10691100128665.0,1,B,2.73528332114964,0.3797332069619327,19.24626,18.970724,18.789171,18.789303,175.0,31.75164,40.0,30.693876,90.0,31.653154,116.0,31.624088
10742100179352.0,1,A,1.4638342667739297,0.3013431061196119,21.243567,19.573220000000003,18.975159,18.53442,90.0,31.588491,30.0,30.477736,90.0,31.653437,50.0,30.752728
10830700122083.0,2,C,3.158869499100742,0.3282901203564278,21.640633,20.160164,19.166958,18.812069,90.0,31.532124,200.0,32.513893,135.0,32.044502,113.0,31.593384
10715700107498.0,2,C,2.126048504661576,0.2634013238802309,20.615452,19.24538,18.676811,18.204683,200.0,32.404327,30.0,30.430338,90.0,31.635826,240.0,32.457718
10947300200925.0,4,A,3.6731486434921097,1.246024530851106,20.24255,18.608742000000003,17.998192,17.630531,45.0,30.416021,180.0,32.427486,180.0,32.392647,90.0,31.290112
11011300018212.0,2,C,3.229226576256104,0.603594074452913,20.665464,19.699177,19.309868,18.98646,90.0,31.42128,30.0,30.542809,92.0,31.669466,90.0,31.315683
10857200012162.0,4,B,4.185867598772244,0.7341577525050524,21.46305,19.932844,19.49795,19.03253,90.0,31.568878,30.0,30.467602,30.0,30.477844,90.0,31.237736
10704500040572.0,2,B,3.7316569375873936,0.7586214729800597,21.159916,19.949715,19.429241,19.083435,120.0,31.706629,40.0,30.695698,90.0,31.631355,96.0,31.458614
10935600094782.0,1,C,1.642686823119257,0.3104251278303616,19.209013,18.578444,18.26867,18.130028,100.0,31.592484,150.0,32.208267,164.0,32.32739,90.0,31.374613
10984900065174.0,1,C,2.117473301299917,0.3379593049720331,20.770332,19.04544,18.309067,17.891014000000002,267.0,32.702686,267.0,32.891804,150.0,32.17413,333.0,32.769936
10691900152191.0,1,B,3.4928199261609048,0.4374671077531049,20.256773000000003,19.469294,19.007246,18.632446,175.0,32.171413,57.0,31.182343,80.0,31.471067,108.0,31.460615
10819400170940.0,1,C,1.9338354157360087,0.3267671252613222,21.927357,21.093552,20.59767,20.228168,90.0,31.574469,37.0,30.69933,90.0,31.669834,56.0,30.851406
10653400091103.0,1,C,2.258197115341688,0.3469497112224987,20.161201,18.980745,18.364359,18.092674,144.0,31.952002,116.0,31.969702,35.0,30.557884,100.0,31.508835
10986200156985.0,3,C,3.5256321266246324,0.3064193532208866,19.515617,18.230036,18.122116,17.57317,100.0,31.640135,210.0,32.597572,90.0,31.59109,90.0,31.306795
10651400046459.0,2,C,1.5563977808549383,0.314399287411403,20.242311,19.7741,19.708355,19.291967,86.0,31.43489,86.0,31.577888,100.0,31.697796,80.0,31.226944
10663500184536.0,1,C,3.3697258053039905,0.4277032616538203,21.058067,19.722046,19.261425,18.923471,90.0,31.394184,31.0,30.520092,243.0,32.668,205.0,32.300583
11000100328847.0,1,C,2.831624690207967,0.386730583044519,20.350046,19.298548,19.002129,18.751158,90.0,31.551132,100.0,31.863422,90.0,31.653173,90.0,31.265022
10895100254677.0,1,C,2.6505383518974077,0.3736751203235107,21.138103,19.428411,18.819973,18.507881,200.0,32.425194,160.0,32.34214,250.0,32.779133,160.0,32.014446
10741200003845.0,1,A,1.636565643076566,0.3101016463048627,21.91835,20.24598,19.3858,19.054382,120.0,31.728443,120.0,31.946308,140.0,32.141876,200.0,32.23046
10689700133482.0,1,C,2.544905128443221,0.3662580799487788,19.698132,19.29315,19.11984,19.049788,82.0,31.257465,40.0,30.67586,90.0,31.602036,131.0,31.62144
10857300124259.0,3,B,3.6534192161774,0.2982240824602296,19.379215,19.236847,19.168385,19.09621,90.0,31.5232,30.0,30.46135,30.0,30.492603,113.0,31.625751
10884200160980.0,1,B,3.3720835694487867,0.4278890463583576,19.101784,18.152496,17.853697,17.60987,100.0,31.585514,100.0,31.823505,90.0,31.66373,70.0,31.102741
10665100013503.0,4,B,3.2108389655017,0.8780000255756175,20.491018,19.081936,18.749245,18.574314,174.0,32.232433,150.0,32.344383,90.0,31.602882,135.0,31.771545
10742800032580.0,1,C,1.924940569862548,0.3262415086634861,20.646029,19.308996,18.84439,18.511627,90.0,31.55804,30.0,30.543047,90.0,31.662474,159.0,32.070107
10755600152265.0,2,B,3.268382941500761,0.3597759787406768,20.520832,20.129103,19.948366,19.925276,170.0,32.19534,180.0,32.465916,250.0,32.83148,240.0,32.51813
10780600120827.0,1,C,4.751421581750354,0.5432675496247041,21.57302,19.865274,19.268967,18.859236,90.0,31.569796,30.0,30.471348,90.0,31.653,56.0,30.848282
10894000044298.0,1,C,2.842849017590236,0.3875531774713474,19.55463,18.443062,17.98225,17.71901,96.0,31.684046,200.0,32.516384,30.0,30.499115,30.0,30.21061
10806400107301.0,1,C,3.4555224943107024,0.4344950138803351,20.014427,19.36317,19.245766,19.090036,90.0,31.567608,35.0,30.641977,90.0,31.665108,94.0,31.39692
10640100100330.0,5,B,2.3937130097283807,0.46419363635154,20.426693,19.303013,18.965927,18.543648,103.0,31.644987,40.0,30.696417,60.0,31.21101,67.0,30.988686
10857100135196.0,1,B,1.9772547217909096,0.3293553132233401,20.88888,19.68903,19.292133,18.972433,267.0,32.690155,267.0,32.85357,333.0,33.077103,333.0,32.815704
10639100096768.0,4,C,4.2804634929620295,0.5277870048486748,21.100658,19.94421,19.62284,19.452843,285.0,32.658916,84.0,31.609692,145.0,32.127563,105.0,31.476753
10665700049491.0,1,B,1.7992795018658831,0.3189884437692805,18.293783,17.486588,16.713924,16.379555,96.0,31.490025,175.0,31.551174,90.0,31.607058,80.0,31.295815
10704300058113.0,2,C,2.5871226463237558,0.2780601489611179,21.44479,20.045994,19.49619,19.248981,177.0,31.840761,147.0,31.675957,60.0,31.040123,81.0,31.206957
10715000094501.0,1,A,2.666405167932349,0.3748022481199431,18.735891,17.829012,17.427260999999998,17.247017,90.0,31.400883,62.0,31.251339,90.0,31.650467,30.0,30.106352
10753800087112.0,1,C,2.029644870769363,0.3325269056999806,18.680765,18.040623,17.696215,17.524498,90.0,31.394243,90.0,31.698206,90.0,31.645292,120.0,31.569967
10817800131711.0,2,A,3.1104290608675207,0.4702288481414403,21.835817,20.67136,19.554836,19.055323,90.0,31.512877,100.0,31.670279,134.0,32.03051,121.0,31.598839
10946000068202.0,1,B,2.505143648933972,0.3635065432945357,20.955807,19.997192,18.987986,18.506258,90.0,31.4711,90.0,31.601686,90.0,31.738,90.0,31.355742
10652400167530.0,2,C,3.0878678488392017,0.6882803070709185,21.885689000000003,21.01099,20.438461,20.268002,200.0,32.402218,51.0,31.073515,90.0,31.609745,82.0,31.215065
10907700205346.0,1,C,5.03297564267277,0.568056333647794,21.674173,20.27373,19.774853,19.449024,300.0,32.743896,150.0,32.197796,300.0,32.879646,333.0,32.53789
10948200113235.0,3,C,3.136941522718404,0.9665020792008572,21.782597,20.34893,19.265842000000003,18.827059,50.0,30.72586,150.0,32.213615,90.0,31.657507,163.0,32.128838
10795500113945.0,2,C,1.9973917966525008,0.4364829944472516,19.92976,18.841543,18.54868,18.255184,90.0,31.562937,63.0,31.323214,217.0,32.59558,61.0,30.91621
10869300009980.0,1,C,1.3669813479400506,0.2967590606134208,20.62535,19.67092,18.75539,18.308443,300.0,32.746906,150.0,32.174355,80.0,31.439219,90.0,31.332123
10832100081054.0,2,A,2.7431792923385894,0.3267575191806919,18.722513,17.798956,17.523127,17.168814,90.0,31.553627,52.0,31.073793,90.0,31.67428,50.0,30.73251
10666800097947.0,1,B,1.8010961208586838,0.3190909468564127,20.584404,19.912374,20.463512,20.236473,99.0,31.478994,46.0,30.877386,153.0,32.21898,250.0,32.301903
10832000167546.0,2,C,3.0945171355519885,0.4911700307845619,20.123602,19.614962,19.428625,19.533522,90.0,31.566599,30.0,30.46774,90.0,31.66723,56.0,30.849281
10972200140319.0,1,C,2.593610146349696,0.369658891293691,21.01918,20.522615,20.133446,19.999954,90.0,31.4819,90.0,31.677082,150.0,32.27439,139.0,31.846119
11011000246368.0,1,B,1.914714191800023,0.3256391628210651,20.533781,19.11111,18.745674,18.342287,90.0,31.472132,90.0,31.673218,177.0,32.40159,161.0,31.96918
10728800082323.0,2,B,3.0356879358976734,0.4966068658009047,18.833857,17.688617999999998,17.357744,17.279589,90.0,31.5424,90.0,31.581345,90.0,31.565918,120.0,31.542597
10654100133275.0,1,C,2.489536403732498,0.3624327179699612,18.669483,17.69374,17.241568,17.007801,113.0,31.616419,40.0,30.699057,189.0,32.44403,100.0,31.498222
10908600115095.0,2,C,4.269995770983394,0.343553949307175,21.933748,20.99163,20.668253,20.501297,240.0,32.558075,30.0,30.464912,120.0,31.940777,80.0,31.254608
10650800030021.0,2,B,5.165852579384413,0.9032798373434056,21.9439,20.499184,19.790152,18.590298,90.0,31.38665,40.0,30.67582,90.0,31.6721,219.0,32.261868
10639800116327.0,1,C,3.5815222690125563,0.444581350974519,18.95131,17.788467,17.343597,17.083591000000002,128.0,31.922379,60.0,31.25964,90.0,31.640598,100.0,31.522636
11024900263876.0,1,C,4.070008780739733,0.4847981794035383,21.080095,19.489595,18.840624,18.467327,100.0,31.600311,150.0,32.298836,195.0,32.522858,90.0,31.237309
10985600024867.0,1,B,2.5350913311120715,0.3655768600045628,20.634228,19.587433,19.139778,18.905472,240.0,32.440018,180.0,32.378754,90.0,31.636425,90.0,31.28165
10755600006882.0,2,B,1.8450662215877784,0.2688194582054996,21.465324,20.36198,19.44934,19.220324,45.0,30.818968,250.0,32.8161,250.0,32.831905,240.0,32.454315
10999000088005.0,1,C,2.830343461654848,0.3866367818887948,18.567379000000003,18.126535,17.82732,17.793953,267.0,32.59279,210.0,32.62355,333.0,32.992443,333.0,32.6672
10704100079166.0,3,C,3.806133656689049,0.3229049000615855,18.958786,18.109312,17.480311999999998,17.211697,191.0,31.998121,40.0,30.701733,176.0,32.35108,117.0,31.616165
10628700121630.0,2,C,1.5551300543355635,0.2814667941521228,20.839417,19.585072,19.141533,18.98524,250.0,32.61109,66.0,31.355747,210.0,32.554207,80.0,31.27843
10973100191392.0,3,C,2.754469986276556,0.6430086983545777,20.470455,18.815365,18.370562,18.099342,100.0,31.61351,150.0,32.226364,80.0,31.371944,90.0,31.290384
10730700102688.0,1,A,2.2844378740761444,0.3486633390609562,19.802692,18.638863,18.322887,18.040821,90.0,31.538881,50.0,31.147259,200.0,32.51777,200.0,32.18533
10857000083355.0,2,C,3.337484096546037,0.2636832094963999,21.699196,20.164473,19.68106,19.334549,90.0,31.562029,43.0,30.870783,90.0,31.613379,90.0,31.247187
10946800140415.0,2,C,3.1207015269049045,0.4211370893791143,21.947397,20.275305,19.489304,19.22232,267.0,32.719196,267.0,32.890373,333.0,33.074776,333.0,32.834213
10985200124866.0,1,C,5.162189410772027,0.5795356374951142,21.566795000000003,20.240353,19.631802,19.249992,90.0,31.46334,90.0,31.676292,90.0,31.595016,90.0,31.383577
10703200085179.0,1,C,3.8345898620851218,0.4652100107521977,20.358238,18.867966,18.247156,18.03521,98.0,31.478214,40.0,30.70684,90.0,31.661892,80.0,31.16684
10959800080297.0,15,C,5.112653124122379,0.6797074083081182,21.350544,20.09604,19.528437,19.265558,240.0,32.46062,180.0,32.39116,90.0,31.610477,90.0,31.296988
10845200171049.0,2,B,2.7707794453531247,0.4670901957274869,20.05948,19.401587,19.006577,18.874495,100.0,31.5942,100.0,31.82798,202.0,32.305122,65.0,31.129257
10677300034637.0,5,C,3.12413967990208,0.3165739892745748,20.30547,19.052288,18.499908,18.219213,86.0,31.450005,40.0,30.709297,100.0,31.706171,80.0,31.18921
10625100177205.0,2,B,2.3293099152712613,0.2684137502750925,18.911867,18.018124,17.624098,17.34662,90.0,31.509848,59.0,31.233847,219.0,32.60831,188.0,32.211147
10705600111930.0,1,C,3.959416209173404,0.4755516030618033,20.644594,19.536839,19.07293,18.780058,105.0,31.534836,72.0,31.37491,90.0,31.614492,80.0,31.252571
10666900073073.0,1,A,2.038302582011829,0.3330560525772815,20.289562,19.727522,19.405497,19.423119,108.0,31.74517,79.0,31.60159,180.0,32.385284,80.0,31.189371
10767500139928.0,1,C,1.5247141323139553,0.3043469925147593,20.49946,19.425898,18.958412,18.636932,90.0,31.08101,30.0,30.495205,113.0,31.89287,90.0,31.238962
10653300117033.0,1,C,3.6343538474113513,0.4488483473089066,20.258354,18.973503,18.50245,18.192001,144.0,31.96858,160.0,32.333492,250.0,32.81822,240.0,32.272423
10960700140768.0,2,C,3.14536447223354,0.2654653024765294,21.87513,20.877325,20.76114,20.324282,100.0,31.615665,120.0,31.921057,100.0,31.711117,120.0,31.64717
10959700213261.0,1,B,2.909306205386795,0.392454055867717,21.503057,20.10442,19.554005,19.127724,90.0,31.477047,90.0,31.663485,90.0,31.59707,90.0,31.314013
10805300078215.0,1,B,3.9360807133765303,0.4736104663350959,19.76717,18.9128,18.803326,18.713083,90.0,31.534073,90.0,31.697271,151.0,32.21822,119.0,31.623444
10768600002121.0,3,C,3.151609605732409,0.3135231901161709,19.27076,19.11702,19.08643,18.917168,90.0,31.566084,60.0,31.297112,80.0,31.588203,120.0,31.685966
10729100164007.0,1,C,2.256476520420467,0.3468377471846001,20.921541,19.21848,18.674688,18.328478,90.0,31.557991,80.0,31.60107,125.0,32.021065,282.0,32.607105
10895800116746.0,1,B,5.925086918685845,0.6484181597856596,19.225266,18.37053,17.991735000000002,17.747898,240.0,32.557953,30.0,30.471882,120.0,31.938742,78.0,31.171785
10705200121335.0,1,C,1.887938359619099,0.324072017454782,21.000998000000003,19.810616,19.179367000000003,18.806036,101.0,31.484676,40.0,30.797688,90.0,31.624537,129.0,31.635601
11013400022864.0,4,C,1.8009197781524766,0.4385089118906222,19.374744,18.307026,17.779226,17.700836,96.0,31.70959,70.0,31.279034,30.0,30.529716,30.0,30.260904
10691200136216.0,1,C,2.018759246271927,0.3318635999082815,21.273348,20.208359,19.715935,19.554611,125.0,31.744675,40.0,30.700825,90.0,31.650146,80.0,30.678295
11072800396197.0,3,B,2.924840751409088,0.3223916612216846,21.724316,20.227478,19.688606,19.348494,90.0,31.533976,30.0,30.512712,90.0,31.632095,90.0,31.368988
10652700041015.0,2,C,3.5258730261660904,0.7179869772479984,18.533772,17.586184,17.219376,17.048264,134.0,32.0066,46.0,30.85303,90.0,31.65141,86.0,31.287941
10844700077923.0,3,A,3.209918681330278,0.3570572253931235,21.298706,20.526487,19.648888,19.589165,267.0,32.746918,267.0,32.9105,333.0,33.074768,333.0,32.77211
10728900088748.0,1,C,2.470967744864643,0.3611597651478008,20.110863,18.88631,18.473236,17.645702,90.0,31.547092,30.0,30.467657,160.0,32.24187,47.0,30.580673
10795200101555.0,1,C,2.4561852031628444,0.3601499930894918,21.080997,19.528095,18.673656,18.267063,90.0,31.57395,43.0,30.909027,60.0,31.110344,199.0,32.24736
10704000034572.0,1,C,2.553811990674512,0.3668775229380087,20.250908,19.042698,18.72622,18.345547,125.0,31.740715,140.0,31.888454,90.0,31.649525,185.0,32.11321
10690100201637.0,4,A,5.067284068259836,0.6799167642295347,18.140388,17.473873,16.80172,16.815217999999998,285.0,32.718903,300.0,32.88375,300.0,32.837242,80.0,31.184244
10690800048075.0,3,B,3.859897155199732,0.4660420845848799,21.43711,19.78484,18.951057,18.407993,171.0,32.105007,58.0,31.209953,160.0,32.256012,115.0,31.570738
10909600007728.0,2,C,1.7070496162729865,0.4666455149367413,20.5448,19.417864,18.699863,18.065628,300.0,32.81891,150.0,32.2462,300.0,32.954098,300.0,32.60804
10907100158858.0,2,C,1.9094215878686525,0.2712943957930738,21.968071,20.42337,19.593481,19.200367,96.0,31.684767,120.0,31.963142,30.0,30.535427,30.0,30.2105
10715900095735.0,4,C,3.6933428201150176,0.6832977795789024,19.687637,18.281044,17.905058,17.734692000000003,174.0,32.263298,90.0,31.58831,90.0,31.647755,69.0,30.918524
10769100043189.0,1,C,1.0889206233605777,0.2850211241992423,20.946293,19.941353,19.663712,19.34954,300.0,32.757935,30.0,30.521759,90.0,31.61898,56.0,30.847488
10959400145879.0,1,C,2.690802985518786,0.3765418530107485,19.592133,18.082214,17.25235,16.889389,90.0,31.49923,90.0,31.658772,150.0,32.248104,60.0,30.991928
10987600045877.0,4,A,1.8525070453309165,0.3526012450001678,18.667213,17.541847,18.332956,18.092842,90.0,31.069078,100.0,31.852407,90.0,31.325031,90.0,31.273705
10844500118915.0,1,C,1.3343076369447102,0.2952682317827127,20.093252,19.591743,19.366962,19.312088,267.0,32.620365,267.0,32.809715,333.0,33.002914,333.0,32.702934
10947700064242.0,1,B,3.410760515718739,0.430943654038274,18.349924,17.474529999999998,17.098808,16.913681,100.0,31.608831,150.0,32.226624,45.0,30.825445,124.0,31.762606
10768800132736.0,1,C,2.144249820698905,0.3396433908317264,19.78123,19.574526,19.421457,19.528543,90.0,31.579699,60.0,31.291956,90.0,31.636421,120.0,31.703392
10972300229452.0,1,C,1.2644700946852856,0.292178723050694,18.386074,17.823544000000002,18.367638,18.319277,267.0,32.7375,267.0,32.89194,333.0,33.058437,333.0,32.784325
10665700097232.0,1,C,1.8499321210378332,0.3218727210008257,20.120058,18.989996,18.54811,18.259827,107.0,31.523691,58.0,31.22065,90.0,31.661219,80.0,31.285412
10894100059500.0,4,C,2.785542945613824,0.4184889613120212,20.666206,19.248436,18.757483,18.64728,96.0,31.692957,200.0,32.51977,30.0,30.503693,30.0,30.21554
10691100129521.0,1,C,1.6654158056109385,0.3116338525510143,20.51239,19.3587,18.975788,18.61467,127.0,31.775585,59.0,31.19048,90.0,31.655025,80.0,31.184505
10807000122939.0,3,C,4.278772794075272,1.020401450894107,21.345123,20.833443,20.267063,19.991127,90.0,31.566866,100.0,31.8252,90.0,31.636425,56.0,30.837662
10666100006712.0,1,C,2.831477112773433,0.3867197776188822,21.50977,20.159771,19.389854,19.04932,200.0,32.343857,160.0,32.359356,250.0,32.77703,240.0,32.27872
10882100284039.0,1,B,1.537614600649276,0.3049953222613395,18.576984,17.913483,17.589272,17.469604,300.0,32.779667,150.0,32.194874,254.0,32.810394,90.0,31.343294
10629200079029.0,1,C,2.38296304828828,0.3551966904337282,19.908255,18.672745000000003,18.32614,17.99946,117.0,31.763586,125.0,32.046707,90.0,31.641392,100.0,31.514717
10677700110049.0,1,C,2.686450294780261,0.3762309289030469,21.609524,20.858671,20.532701,20.569431,87.0,31.345795,40.0,30.698563,90.0,31.605394,240.0,32.46188
10794800069171.0,1,C,1.6860160825361428,0.3127396078300687,20.568258,19.799284,19.588446,19.384518,300.0,32.75324,30.0,30.522871,90.0,31.644165,111.0,31.666897
10616100039914.0,3,C,4.859724165282766,0.3988118358610462,19.693037,18.100906,17.328297,16.967987,267.0,32.633938,267.0,32.82573,100.0,31.743027,300.0,32.655663
10704100145350.0,1,A,2.9607514426228496,0.3962827917660984,21.747076,20.290169,19.662207,19.31311,191.0,31.994274,46.0,30.978268,90.0,31.669804,56.0,30.834326
10703700103592.0,2,C,5.3427917733133015,0.459220802447815,19.99208,18.7554,18.22123,17.978657000000002,104.0,31.525766,52.0,31.098806,210.0,32.576202,116.0,31.60939
10756800090538.0,1,B,3.718467010235745,0.4556857788675389,21.390182,20.297153,19.911331,19.625698,90.0,31.569895,55.0,31.231607,90.0,31.643839,168.0,32.060104
10883600034835.0,1,C,2.0628543234620977,0.3345642533180475,20.24824,18.867668,18.583921,18.233358,100.0,31.605637,150.0,31.95005,90.0,31.66463,70.0,31.221096
10779600002185.0,2,C,6.212934317840844,0.2897794961790278,18.254913,17.541616,17.48481,17.14566,90.0,31.414698,90.0,31.595057,90.0,31.59737,90.0,31.332195
10882800134439.0,2,B,3.820891833987256,0.2994860036567254,18.832693,17.897645999999998,17.599901000000003,17.467247,90.0,31.575434,50.0,30.953226,239.0,32.67569,82.0,31.230864
10907500093585.0,2,C,2.9236623880498565,0.3264234208305848,21.411879000000003,19.915365,19.230518,19.191284,90.0,31.550585,90.0,31.648624,90.0,31.68479,186.0,32.072334
10831000018911.0,1,C,2.854968998562715,0.3884430972839419,19.879852,18.941664000000003,18.628456,18.45353,60.0,30.87699,100.0,31.676075,113.0,31.850014,109.0,31.568615
10768200012284.0,2,B,2.8364111800090317,0.3990704309009591,21.815224,20.756832,20.24329,19.99187,90.0,31.570637,30.0,30.52259,90.0,31.659811,56.0,30.842003
10613400010493.0,1,B,3.428387250635555,0.4323400876661846,19.786564,18.590881,18.2096,17.973598000000003,300.0,32.90456,60.0,31.259155,300.0,32.99639,80.0,31.23405
10920400109718.0,4,B,3.893262053241948,0.5932202104550547,18.780218,18.113956,18.178051,17.90086,300.0,32.747803,90.0,31.645529,300.0,32.87194,141.0,31.79798
10997900265362.0,2,B,2.329421518493782,0.40949826372667,21.11905,19.534336,19.028069,18.746672,90.0,31.466316,90.0,31.682486,90.0,31.602028,90.0,31.395256
10894400099899.0,1,C,2.920911316502455,0.3933151270784294,20.67289,19.501812,19.099783,18.713728,90.0,31.514475,90.0,31.700396,90.0,31.690498,62.0,30.880905
10664500142307.0,1,C,4.219762032620805,0.497436906672073,21.549438,20.67268,20.704395,20.45538,285.0,32.712025,66.0,31.203438,145.0,32.14866,125.0,31.58062
10628000108800.0,1,C,1.7503139041264857,0.3162523480225641,20.976673,19.8013,19.381975,19.01866,200.0,32.471115,170.0,32.4088,300.0,33.02618,240.0,32.29312
10882100137908.0,2,C,2.3229622168216526,0.2636056830959733,20.160637,19.01742,18.614868,18.28215,300.0,32.79218,250.0,32.883583,250.0,32.827377,250.0,32.536415
10665000099383.0,2,C,2.875284955232032,0.3483323346843331,19.082716,17.997726,17.662254,17.459127,82.0,31.281824,254.3812,32.37767,100.0,31.64275,88.0,31.112408
10998700119569.0,2,C,1.8499528085842627,0.2649416442974693,21.115742,20.319307,19.878902,19.44571,100.0,31.635584,150.0,32.31382,138.0,32.111282,152.0,31.94476
10638900049868.0,1,C,2.619947736553088,0.3715115360560106,21.729765,20.151745,19.390514000000003,18.967022,86.0,31.4407,86.0,31.574053,80.0,31.532608,169.0,31.823624
10679700112940.0,1,A,3.5336864078207184,0.44073683336904,18.884325,17.415804,16.764682999999998,16.49379,175.0,32.075184,40.0,30.798485,90.0,31.655867,82.0,31.19197
10806300193518.0,1,C,2.9744673336659635,0.397308594407998,19.789173,18.734465,18.379671,18.147108,180.0,32.195564,30.0,30.462196,180.0,32.376884,80.0,31.250269
10792900051027.0,1,B,2.357018654103257,0.3534613548295022,21.83578,20.280655,19.617455,19.282713,90.0,31.430254,41.0,30.831758,90.0,31.604904,60.0,30.798153
10808300114980.0,2,C,2.012695435632,0.4901917548676288,19.870928,18.809067,18.451527,18.323963,90.0,31.560892,37.0,30.740517,90.0,31.68838,68.0,31.036215
10934700129082.0,1,C,1.7704427445807291,0.3173708164251803,21.316847,19.64279,19.176888,18.905056,45.0,30.506296,100.0,31.821852,151.0,32.11151,71.0,31.077791
10985900283237.0,2,C,3.643602687725784,0.5390732779726306,19.420582,18.08956,17.691338000000002,17.429454999999997,60.0,31.002254,60.0,31.217993,60.0,31.17255,333.0,32.755543
10945500213626.0,2,C,2.850697173441786,0.2998767487115693,19.28469,18.479239,18.2952,18.156048,96.0,31.667454,30.0,30.55602,30.0,30.486631,30.0,30.206486
10625000208534.0,1,B,2.5567188389951,0.367079926196904,18.174051,17.346256,16.970129999999997,16.765005,90.0,31.532276,60.0,31.354275,171.0,32.342823,159.0,32.036484
10998000235380.0,1,C,1.4772336135933752,0.3019962772805344,21.511562,20.511414,19.51643,19.222195000000003,267.0,32.644306,90.0,31.67449,90.0,31.597626,333.0,32.796764
10894900009985.0,1,C,2.91476402954147,0.3928588213074619,18.967613,18.414413,17.93371,17.822405,300.0,32.78789,250.0,32.877327,250.0,32.821167,250.0,32.536167
11011600280988.0,2,C,2.7663466385852296,0.344548249105236,19.865017,18.743208,18.350246,18.140263,100.0,31.617517,150.0,32.220024,45.0,30.800068,90.0,31.388767
10869800017539.0,1,C,3.490555432323825,0.4372863275489569,21.034536,19.557632,18.75691,18.463037,90.0,31.566057,120.0,31.940796,90.0,31.613548,68.0,31.027
10782000107950.0,1,A,2.00479061462819,0.3310157308724357,18.745806,17.563370000000003,17.08503,16.8093,300.0,32.747803,62.0,31.3087,90.0,31.653177,56.0,30.820127
10613400204377.0,3,A,4.956399352001086,0.756499254388256,21.450470000000003,20.084482,19.568913,19.125774,300.0,32.90533,40.0,30.768087,300.0,33.001534,100.0,31.51616
10960600123615.0,1,B,1.9312332412922149,0.3266131937364447,20.347157,19.259598,19.015783,18.800295,100.0,31.617819,210.0,32.588413,90.0,31.651527,120.0,31.662306
10628400094667.0,2,A,3.065988962968313,0.2653609005819266,19.45041,18.044039,17.583431,17.318724,165.0,32.057915,40.0,30.702026,290.0,32.90782,100.0,31.503738
10845100009298.0,2,A,1.6080959627703393,0.2983550839417925,21.933096,20.215637,19.475494,19.075935,90.0,31.5853,30.0,30.528856,90.0,31.65581,64.0,31.114113
10768100107721.0,2,C,2.426164485327096,0.2636273272148052,20.932728,19.332222,18.800571,18.575792,90.0,31.547695,31.0,30.51858,195.0,32.466904,49.0,30.691967
10741000005302.0,1,C,1.719933375846166,0.3145810995172722,18.886795000000003,18.07193,17.655018,17.526314000000003,90.0,31.390131,90.0,31.69558,90.0,31.599445,90.0,31.340889
10627500013617.0,2,B,3.478376767287079,0.2673539229048429,21.211529,19.86868,19.323528,19.139975,113.0,31.615158,60.0,31.293613,90.0,31.617891,100.0,31.509111
10679500083018.0,1,C,2.7359777872118407,0.3797832335967005,21.002375,20.20317,19.87767,19.553926,175.0,32.103058,40.0,30.80458,50.0,30.99286,204.0,31.655003
10677600092934.0,2,B,2.0459434337532483,0.2654251177657245,21.226604,19.655132,19.272343,18.822031,86.0,31.422047,86.0,31.577175,86.0,31.509901,80.0,31.18937
10908300184604.0,5,C,3.440639327046513,0.6855347742902143,21.267038,19.606792,19.074795,18.918787,69.0,31.02494,90.0,31.61741,80.0,31.457798,90.0,31.394897
10907700301586.0,6,C,4.456080874072309,0.3780478620707369,19.362383,18.209778,17.746346,17.716255,300.0,32.738625,150.0,32.200005,300.0,32.878,86.0,31.272049
10716400028080.0,1,C,2.5711500313384628,0.3680865181401212,20.657309,19.338648000000003,18.982391,18.67841,111.0,31.69188,52.0,30.97762,160.0,32.23888,80.0,30.58709
10959800188701.0,2,C,3.4763497438420026,0.9718621273567752,21.456469,20.88619,20.060528,19.574932,240.0,32.46284,90.0,31.650843,90.0,31.647404,90.0,31.373804
10907900176534.0,1,A,1.8047738575828167,0.3192986795621673,20.478027,19.25927,18.809137,18.539186,90.0,31.446106,90.0,31.6238,80.0,31.459557,90.0,31.369781
10781400039121.0,3,C,3.384923671277525,0.9428764479371132,19.41423,18.643858,18.455688,18.3032,90.0,31.568218,31.0,30.56821,90.0,31.6291,44.0,30.561943
10782700040397.0,2,C,2.2606586959225825,0.3648755004982576,19.87536,18.506292,18.05323,17.866444,90.0,31.566444,43.0,30.918024,117.0,31.925734,94.0,31.397413
10907800085661.0,1,C,2.345061580917182,0.3526651360468426,20.737171,19.506681,19.098618,19.010452,300.0,32.683117,150.0,32.153744,300.0,32.90628,300.0,32.62909
10781400060898.0,1,C,3.4490689069227023,0.4339819388488531,20.334038,19.271454,18.931173,18.804962,90.0,31.570911,60.0,31.300152,90.0,31.641266,56.0,30.826315
10920500194491.0,2,B,1.64060915890937,0.2752871352038574,21.459362,20.398777,19.845596,19.612911,300.0,32.748936,150.0,32.18437,80.0,31.437698,90.0,31.353203
10652400041437.0,1,B,1.2976914697927118,0.293631727692577,19.83081,18.589243,18.004353,17.682232,126.0,31.883505,150.0,32.342793,90.0,31.6138,198.0,32.14644
10730700009012.0,3,B,3.3606834647452186,0.5983512518816009,18.13771,17.949453,17.948685,17.924633,90.0,31.536018,50.0,31.144173,200.0,32.514725,51.0,30.730255
10909200258434.0,1,C,2.542791417993392,0.3661112425946634,21.70108,20.05484,19.692795,19.653267,100.0,31.605383,150.0,32.225685,45.0,30.801968,98.0,31.565235
11010900090108.0,3,C,1.9540061090788,0.5186603392792344,20.881134,19.391108,19.025917,18.51559,267.0,32.644245,60.0,31.209133,90.0,31.605453,333.0,32.820145
11010500264049.0,1,C,3.654140803530858,0.4504520064560613,20.462399,19.226036,18.771027,18.380608,90.0,31.494427,90.0,31.684278,90.0,31.596333,134.0,31.829525
10897400220264.0,4,C,3.3228633474803746,0.4588495093879128,21.260895,20.927359,20.827848,20.474970000000003,90.0,31.491701,100.0,31.8248,90.0,31.662436,121.0,31.675602
10754900057362.0,1,B,2.5936170353991312,0.3696593746452615,19.737553,19.0109,18.716133,18.508453,90.0,31.581213,30.0,30.458836,90.0,31.594997,62.0,30.95227
10896900161265.0,1,C,1.935746482483537,0.3268802601021877,19.759663,18.749432,18.332752,18.04646,100.0,31.58079,100.0,31.827944,90.0,31.660875,70.0,31.107359
10843800067646.0,1,C,1.8918230859885183,0.3242984827081237,21.665676,21.06856,20.605453,20.468143,90.0,31.436226,90.0,31.613207,90.0,31.609104,108.0,31.539843
10883200160745.0,2,C,2.47139008323503,0.3950163209222708,20.00834,20.151,18.484505,18.18751,90.0,31.585539,120.0,31.930874,90.0,31.652422,134.0,31.886131
10626100137038.0,1,B,1.9882515673763588,0.3300166707179283,21.982155,20.60694,19.461458,18.824312,125.0,31.82185,125.0,32.01094,80.0,31.52868,80.0,31.173489
10805700160500.0,1,C,2.9629296677680124,0.3964455601484252,20.884558,19.752005,19.317394,18.948853,90.0,31.570274,41.0,30.833897,90.0,31.665337,120.0,31.554096
10972000237690.0,2,A,3.187876671203365,0.2645823177917302,21.616903,19.91791,18.938955,18.684914000000003,90.0,31.478352,90.0,31.664783,150.0,32.25367,60.0,30.982893
10945600013954.0,1,A,1.8693885356178452,0.3229948838155093,19.8953,19.213495,19.018702,18.803894,96.0,31.683605,30.0,30.560684,30.0,30.499853,30.0,30.222038
10819600218243.0,3,B,2.5154618428465634,0.2815415350808338,21.326977,20.217657,19.523418,19.38151,90.0,31.576616,41.0,30.863712,90.0,31.671455,70.0,31.212557
10729100152908.0,1,C,2.3038691173400743,0.3499395506345822,19.606335,18.886292,18.626133,18.37622,90.0,31.553661,30.0,30.460934,160.0,32.228928,92.0,31.386322
10934800147335.0,1,C,1.8984849070020704,0.3246875566158127,21.701708,19.960503,19.610676,19.347029,100.0,31.63239,150.0,32.22597,45.0,30.814955,118.0,31.686934
10806300222149.0,1,C,4.001020025746896,0.4790210563892541,21.593136,19.969955,19.106369,18.944862,180.0,32.166504,30.0,30.46659,180.0,32.371353,72.0,31.121716
11022500070369.0,1,C,2.084928529637331,0.3359297988225469,20.633465,19.006107,18.367779,18.008366,96.0,31.68501,30.0,30.584146,30.0,30.411743,30.0,30.164288
10653400099014.0,1,C,2.8318409423700768,0.3867464172152529,20.91781,19.702347,19.039822,18.977118,144.0,31.952068,41.0,30.736332,90.0,31.60677,80.0,31.199114
10818500164538.0,3,C,2.8142537685094227,0.8042828991007687,20.590134,18.924011,18.634228,18.199354,90.0,31.562958,41.0,30.822687,90.0,31.609138,60.0,30.792116
10664500138272.0,1,B,2.3831126450254776,0.3552067268349563,20.384777,18.991104,18.776527,18.454224,86.0,31.448776,40.0,30.715977,100.0,31.70628,213.0,32.047752
10959600073756.0,1,C,1.347272934468427,0.2958563901616994,21.487717,20.26751,19.643377,19.320713,90.0,31.467459,90.0,31.67636,90.0,31.596752,55.0,30.829054
10613400069869.0,2,B,4.357701525825219,0.3811918378566012,20.81783,19.349468,18.883347,18.591942,300.0,32.906895,240.0,32.84834,300.0,32.995266,240.0,32.494324
10780400002371.0,2,A,3.7062404350529,0.2740624690963135,21.81188,20.071636,19.614017,19.352339,90.0,31.589308,30.0,30.455038,66.0,31.281586,56.0,30.86761
10907100045641.0,1,C,2.2754352272513687,0.3480741512008108,19.983826,18.826946,18.485077,17.972248,96.0,31.678839,30.0,30.559462,30.0,30.392403,30.0,30.209625
10729300125394.0,1,C,2.3895162170823228,0.355636665034687,21.485298,20.086395,20.167137,19.632002,90.0,31.561485,30.0,30.463812,210.0,32.579105,56.0,30.8614
10702500151597.0,1,C,2.613782180286266,0.3710769904747804,20.95612,20.220325,19.952085,19.637733,95.0,31.391611,55.0,31.045359,90.0,31.658081,88.0,31.330402
10664100054297.0,1,A,1.2112643791739557,0.2899158049547432,20.437359,19.438412,19.62524,19.146051,130.0,31.792995,86.0,31.572826,90.0,31.595028,100.0,31.457302
10781600027828.0,2,C,3.1015772210849164,1.358770700930651,20.350597,19.774551,19.478035,19.5336,90.0,31.563078,60.0,31.273882,90.0,31.637516,52.0,30.740112
10881600148856.0,1,C,1.4622481759352637,0.3012660904918774,19.963959,18.814262,17.726309,17.23177,120.0,31.752525,120.0,31.962034,90.0,31.616716,125.0,31.663086
10692500035936.0,7,C,3.596544824179268,0.7723218137386121,20.282688,18.860273,18.544235,18.195454,119.0,31.883953,53.0,31.060238,90.0,31.656767,80.0,31.192234
10664600224218.0,4,C,3.994156222057448,0.5334811739532281,18.046844,17.236511,16.906585999999997,17.121529000000002,285.0,32.698574,175.0,32.233543,145.0,32.135014,250.0,32.452698
10869800100709.0,2,B,3.3452036710390374,0.8591350087292512,19.366308,17.888111,17.421004999999997,17.129469,90.0,31.564602,30.0,30.467941,90.0,31.655216,90.0,31.25929
10677800141961.0,2,C,3.0103957501714893,0.3872264324920237,21.253067,19.72546,19.207838,18.76455,123.0,31.727776,64.0,31.262562,30.0,30.30118,147.0,31.925133
10677700140483.0,1,C,3.072035906546486,0.4046648071072019,18.588642,17.693626000000002,17.308144,17.0352,87.0,31.3457,40.0,30.704468,90.0,31.643673,90.0,31.187323
10921100165133.0,2,A,1.9193198122750643,0.4296729455768147,21.399420000000003,20.238865,19.684551000000003,19.379702,250.0,32.57971,250.0,32.766834,100.0,31.738628,90.0,31.38901
10639000304462.0,1,C,0.8556830053992325,0.8953060737697823,20.875483,99.0,99.0,99.0,300.0,32.909615,50.0,31.090174,300.0,33.00299,100.0,31.514
10755700004446.0,2,A,4.601149145034813,0.3149870263040733,20.697708,19.18351,18.776352,18.157646,90.0,31.559177,30.0,30.579163,90.0,31.668531,40.0,30.421679
10844200023560.0,1,C,2.949755152151268,0.3954619002842492,18.812,17.903357,17.324202,17.119879,90.0,31.571976,30.0,30.47017,90.0,31.590641,90.0,31.259834
10743200106127.0,1,C,3.8021045752796807,0.4625360007757524,19.288286,18.257038,17.790936,17.485672,90.0,31.55904,93.0,31.81337,35.0,30.553917,120.0,31.69004
10654300139288.0,1,B,2.336101549012521,0.3520699709901244,20.654383,19.800137,19.585243,19.245857,125.0,31.872047,175.0,32.28784,189.0,32.443054,80.0,31.271664
10651000009352.0,2,C,2.789409522578969,0.491009637267408,20.515265,19.225258,18.99441,18.802586,92.0,31.39225,40.0,30.68369,90.0,31.684803,102.0,31.47727
11037400071547.0,1,C,3.447094140625373,0.4338250109702503,19.19625,18.12519,17.649925,17.358387,100.0,31.565882,100.0,31.810097,120.0,32.060196,40.0,30.492182
10703300049406.0,1,C,1.6689481632490628,0.3118227697204362,20.42884,19.14058,18.73646,18.386742,112.0,31.69662,40.0,30.696075,160.0,32.27278,128.0,31.529099
10819200070797.0,1,C,1.755207602006377,0.3165234545202137,19.825882,19.48423,19.220692,19.224386,90.0,31.55915,36.0,30.672707,90.0,31.66634,56.0,30.840387
10742800156785.0,1,B,2.192298260987733,0.3426970625075423,19.402637,17.821987,17.343512,17.014874,90.0,31.575377,32.0,30.643192,90.0,31.659363,150.0,31.927124
10922500294730.0,1,C,2.690508850819245,0.3765208344346524,21.943565,20.772942,20.289757,19.97565,267.0,32.77494,267.0,32.924427,333.0,33.091587,333.0,32.7645
10882100041396.0,2,B,3.072549922413778,0.2830252808405626,20.874985,19.761103,19.51371,19.391457,300.0,32.781605,150.0,32.19839,254.0,32.80178,90.0,31.290577
10843900059829.0,1,B,5.260966434172175,0.5883512881050427,21.570309,20.181631,19.745728,19.459381,90.0,31.424469,90.0,31.61171,111.0,31.82764,101.0,31.459127
11050000125373.0,1,B,1.3435814672011768,0.295688470505809,19.612253,19.291039,18.990467,18.936157,90.0,31.579838,250.0,32.873184,90.0,31.651545,90.0,31.224375
10741000154634.0,3,B,3.699643880789683,0.4286768554971991,21.07599,19.905561,19.238369,18.719366,90.0,31.504072,90.0,31.687582,76.0,31.429821,90.0,31.280975
10922200188503.0,1,C,2.9763177565370262,0.3974471460191606,20.999062,19.626242,19.183512,18.776798,100.0,31.614126,210.0,32.588715,45.0,30.833885,196.0,32.30576
10729000038211.0,3,C,3.1606955075350824,0.4260010138239614,20.688486,19.611214,19.288252,19.00753,90.0,31.539917,30.0,30.431202,160.0,32.25132,60.0,30.788586
10680100008411.0,1,C,4.996525121924384,0.564829348511756,19.607891,19.201843,18.856363,18.814518,114.0,31.62602,42.0,30.771326,90.0,31.706083,193.0,32.22162
10740600199449.0,1,C,2.259517956059526,0.3470356954803845,21.463634,20.361217,19.361137,19.754261,90.0,31.417217,30.0,30.511742,90.0,31.683193,120.0,31.617558
11036100009437.0,1,B,0.9954560202566906,0.2815828241968123,21.182957,20.061508,19.380905,18.95062,30.0,30.21081,90.0,31.669128,90.0,31.591892,90.0,31.397638
10615900081515.0,1,B,4.146593460700261,0.4912452883063833,21.373459,20.519901,20.281101,19.802814,92.0,31.38982,100.0,31.765202,90.0,31.63039,80.0,31.280516
11025600520682.0,2,B,1.5318391946040577,0.2971531206206714,19.932655,18.873634,18.49368,18.325443,90.0,31.566395,50.0,30.986149,90.0,31.662037,100.0,31.360756
10651500021609.0,3,C,3.212550219633163,0.3574923886272702,20.475256,18.90437,18.508549,18.151115,86.0,31.43967,86.0,31.57765,180.0,32.36654,113.0,31.576687
10817400093472.0,2,B,2.33829954046103,0.3520694304299848,19.771442,18.829037,18.330574,18.085495,90.0,31.426153,30.0,30.489016,90.0,31.720924,93.0,31.347214
10883500129356.0,1,B,4.426655057903908,0.5151041739460693,19.664434,18.824661,18.358961,18.202728,90.0,31.592192,31.0,30.512396,90.0,31.738903,50.0,30.763494
10857400119789.0,1,C,1.962120245192012,0.3284489588443288,20.520227,19.413383,18.848667000000003,18.752018,90.0,31.572372,30.0,30.48531,90.0,31.740622,83.0,31.214977
11036300102844.0,1,C,2.718416127462567,0.3785200422969513,20.220768,18.995548,18.563353,18.296833,90.0,31.460602,100.0,31.864246,90.0,31.599611,90.0,31.391682
10718400062943.0,1,C,3.0325301270392515,0.4016739345713224,17.937347,17.210567,17.01366,16.877693,90.0,31.416828,71.0,31.43042,90.0,31.707253,188.0,32.26079
10793900013522.0,1,A,1.684795720835366,0.3126738335861375,19.371376,18.396282,18.112007,17.951096,90.0,31.572536,30.0,30.524395,90.0,31.632729,56.0,30.838737
10872100154189.0,1,B,4.182546796893933,0.4942838628582537,20.548595,19.409964,19.203684,18.856499,90.0,31.55595,90.0,31.647339,60.0,31.167736,90.0,31.373205
11037000132879.0,2,C,2.2172316047673712,0.7319669857644096,21.506207,20.1128,19.774548,19.342112,210.0,32.462585,150.0,32.219128,210.0,32.590454,275.0,32.58504
10781400093422.0,2,B,1.5966343619592127,0.3724568843183188,21.575659,19.878288,19.534683,19.249092,90.0,31.592396,60.0,31.298605,90.0,31.661156,120.0,31.706287
11024700361694.0,2,A,3.3529741889114453,0.5219002008319866,20.986332,19.63692,19.457722,19.399157,100.0,31.504545,60.0,31.187376,100.0,31.754297,40.0,30.488844
10714900139198.0,3,C,2.8463051799544137,0.423382930958136,21.805944,20.830963,20.690958,20.49917,90.0,31.411573,30.0,30.490183,90.0,31.648645,80.0,31.105497
10985400142962.0,2,C,2.6587578766766864,0.3630424579858123,21.100433,19.797083,19.399807,19.086662,240.0,32.47419,90.0,31.674107,90.0,31.59873,90.0,31.33631
10692400085302.0,1,C,3.1680273313689225,0.411999431702284,20.485806,19.040915,18.47863,18.173723000000003,175.0,32.065475,40.0,30.803822,90.0,31.65049,117.0,31.66386
11037100289218.0,2,C,2.293981578184288,0.5369961582571312,21.865286,20.398777,19.214401,18.956158,100.0,31.61733,250.0,32.84417,150.0,32.22195,90.0,31.310064
10716700016423.0,3,B,2.314294122500824,0.2860376570407371,19.641716,18.546772,18.183235,17.930668,90.0,31.55722,31.0,30.508951,90.0,31.662868,147.0,32.015083
10870000094450.0,2,C,2.6536250777043118,0.3172686370498467,21.09858,19.735424,19.26549,18.838404,90.0,31.513243,120.0,31.936398,95.0,31.679722,59.0,30.865294
10626700021329.0,1,C,3.083140816704738,0.4055084869103328,20.014067,18.888344,18.447353,18.235493,175.0,32.120285,40.0,30.687773,167.0,32.285515,146.0,31.807423
10894800131075.0,1,C,2.7553029550925947,0.3811777849552881,20.389269,18.799025,18.073092000000003,17.904615,300.0,32.775917,150.0,32.198696,90.0,31.609665,90.0,31.350006
10753500058937.0,3,C,3.533370507453695,1.6769346062281012,20.293543,18.652304,18.309624,17.950283,90.0,31.417221,73.0,31.437487,90.0,31.67452,90.0,31.287586
10753900146926.0,3,B,3.430851837448062,0.9698805114061052,19.890854,19.737217,19.263823,19.335516,90.0,31.395542,90.0,31.686533,90.0,31.60401,154.0,31.965267
10921400145134.0,3,A,2.582813279254759,0.363884886427723,21.794844,20.650522,20.037804,19.617817,240.0,32.54967,90.0,31.65707,120.0,31.93957,84.0,31.244747
11048300207711.0,2,A,2.253357848066556,0.2660170184476587,21.504187,20.067234,19.178396,18.858807,90.0,31.474205,90.0,31.67234,90.0,31.61863,90.0,31.402136
10948000002998.0,1,C,3.453898870479189,0.4343658988398769,20.979023,19.485485,19.072823,18.79851,300.0,32.908516,300.0,33.03713,90.0,31.672728,118.0,31.632013
10820900158142.0,2,C,4.136150879622141,0.2849146525021359,20.021435,18.862488,18.5265,18.143787,90.0,31.583298,150.0,32.30511,90.0,31.634705,150.0,31.809341
10946400146172.0,2,B,2.790468480123643,0.2686195333477971,20.660278,19.707594,19.509926,19.068766,90.0,31.489119,90.0,31.660471,76.0,31.425606,87.0,31.357887
10895200060975.0,3,A,2.8834022985228347,0.3441435684668236,21.869946,20.241142,19.384686,18.836355,267.0,32.73768,100.0,31.735134,350.0,33.141888,333.0,32.77493
10641200143458.0,2,A,3.9797208949773193,0.8220378741942526,20.617813,18.931973,18.219511,18.030983,113.0,31.63467,40.0,30.709679,228.0,32.63443,82.0,31.16391
10678800077571.0,1,C,2.21034011742556,0.3438540305813041,19.213682,19.088612,18.58636,18.54674,105.0,31.558014,59.0,31.13369,90.0,31.616278,95.0,31.40783
10946800145285.0,4,B,4.362820102232834,1.1465761624681277,21.713436,20.467323,19.259293,18.823324,267.0,32.693867,267.0,32.906067,333.0,33.084732,333.0,32.816902
10755400076822.0,1,C,2.425860355358801,0.3580887384951045,20.025963,18.883507,18.473934,18.19363,90.0,31.576551,30.0,30.528433,90.0,31.664982,56.0,30.849365
10690200116300.0,3,B,1.9789707817858275,0.3996006064644046,20.580004,19.140137,18.705872,18.396137,285.0,32.682396,86.0,31.57008,145.0,32.13696,117.0,31.508503
10998100205590.0,1,A,3.947833463468849,0.4745876637175101,18.359371,17.306929,16.73041,16.490126,90.0,31.477774,90.0,31.664568,90.0,31.56677,120.0,31.681175
10625700060534.0,4,C,3.1982342884668244,0.61081062413348,18.703056,17.521439,17.125185000000002,16.853327,86.0,31.440413,60.0,31.278994,80.0,31.531448,80.0,31.22766
10742400062886.0,1,C,3.321614447008709,0.4239230889510145,20.649738,19.635635,19.24612,18.99418,90.0,31.55276,31.0,30.494465,152.0,32.208847,87.0,31.446339
11048500143607.0,1,B,2.127419175573918,0.3385833479159837,18.61176,18.364925,18.118618,18.120365,90.0,31.40105,90.0,31.623812,90.0,31.612661,90.0,31.380316
10651300125584.0,2,C,4.417318428927139,0.2634239683880981,18.68262,17.512394,17.330451999999998,17.040474,117.0,31.605885,40.0,30.68174,173.0,32.294373,124.0,31.542969
10970800116450.0,1,C,5.092170967196095,0.5733076064309179,19.730675,18.93825,18.285812,18.372143,96.0,31.534094,50.0,30.956936,30.0,30.395243,30.0,30.120684
10704100105123.0,1,B,2.5915912969528714,0.369517272268048,19.794252,18.550676,17.982304,17.671274,191.0,32.00077,40.0,30.697975,90.0,31.64367,117.0,31.62921
10626300086220.0,1,B,3.032403432237426,0.4016643695406069,20.42107,19.920094,19.53077,19.411665,300.0,32.899704,50.0,31.102003,300.0,33.007385,100.0,31.510033
11024600229355.0,1,C,3.4424799319326618,0.4334584649278302,19.54883,17.84977,17.241241,16.977072,100.0,31.616302,100.0,31.818655,150.0,32.22701,60.0,30.968216
10780700044413.0,3,A,4.387086535186874,0.3777562393162577,21.525976,19.941074,19.062302,18.724138,90.0,31.57083,30.0,30.476854,90.0,31.666245,56.0,30.852516
10909800031148.0,1,C,1.3836332441860275,0.297529779256073,19.285799,18.67796,18.271662,18.15615,100.0,31.58888,150.0,32.306374,90.0,31.64039,70.0,31.091976
10626900025766.0,4,C,2.166047160494169,0.4268133371942635,21.537672,20.017088,19.673944,19.45525,160.0,32.144012,40.0,30.808002,90.0,31.631687,250.0,32.242065
10793100030325.0,1,C,1.9277470907761929,0.3264071819981306,20.661915,19.653942,19.261475,18.77462,90.0,31.603394,30.0,30.468647,30.0,30.478853,97.0,31.452599
10805700100219.0,1,C,1.5675905849730507,0.306517474903082,19.255327,18.678583,18.40882,18.171509,90.0,31.572193,30.0,30.477322,90.0,31.66791,120.0,31.552715
10999900015455.0,1,C,2.4008578872455115,0.3563996997017391,20.103657,19.33715,18.991009,18.355095,90.0,31.56735,150.0,32.24925,90.0,31.655647,90.0,31.256607
10792500004125.0,1,C,2.882405878729962,0.3904640783700473,20.269596,18.949957,18.56535,18.303177,90.0,31.428116,90.0,31.611317,170.0,32.341843,56.0,30.83298
10985800006732.0,2,C,5.447548112318273,0.2983311640846425,20.882175,19.4273,18.882374,18.563728,267.0,32.627792,267.0,32.836067,333.0,33.029816,333.0,32.779675
10804900055871.0,3,C,1.8779423812862177,0.334193588896187,20.03613,18.718748,18.200603,17.90099,90.0,31.42598,90.0,31.685566,90.0,31.659601,90.0,31.34897
10869500009442.0,2,C,2.851508539518326,0.9270548601409369,19.53976,18.568163,18.295818,18.11697,90.0,31.445295,100.0,31.677742,100.0,31.691805,90.0,31.285955
10871100199155.0,1,C,3.260413354085688,0.4191449777761901,20.216702,18.4863,18.025837,17.668804,100.0,31.62665,320.0,33.10708,90.0,31.670847,70.0,31.12211
10676800104065.0,2,A,3.0094332945761586,0.2892083192282847,20.667442,19.017115,18.519966,18.171795,89.0,31.308764,40.0,30.678883,90.0,31.649166,80.0,31.196796
10639000111492.0,2,C,4.576605184538658,0.7074952608860594,21.888414,20.16822,19.51782,19.065693,300.0,32.888367,86.0,31.56337,86.0,31.51336,100.0,31.510948
10754000101586.0,1,C,2.55574761861134,0.3670122871245257,20.669147,19.542656,19.181992,18.980244,120.0,31.747337,120.0,31.941069,80.0,31.43243,87.0,31.297226
10641800019072.0,1,C,2.328044604606684,0.3515358826782593,19.610884,18.573128,18.089096,17.847360000000002,125.0,31.841772,100.0,31.757694,90.0,31.638515,100.0,31.519753
10871100141639.0,1,C,2.4968669276380497,0.3629366398468563,20.288486,19.068874,18.685734,18.47371,100.0,31.606379,320.0,33.11425,90.0,31.66045,70.0,31.104057
10972700030287.0,1,C,1.658141631394719,0.311245717557115,20.966934,19.627506,19.211662,18.88871,240.0,32.469116,180.0,32.370865,90.0,31.586287,90.0,31.281479
10883400173175.0,1,C,2.0380600985224477,0.3330412131431984,21.873158,20.39904,19.524117,19.18895,90.0,31.559753,41.0,30.839409,156.0,32.248024,94.0,31.404228
10794700055624.0,1,C,1.78726350620019,0.3183122184364746,20.748726,19.438147,18.825563,18.466045,300.0,32.750248,62.0,31.3049,146.0,32.13404,56.0,30.837599
10960300151082.0,2,C,3.8427756250781098,0.3400233881784618,20.648817,19.796032,19.415176,19.182224,60.0,30.937836,94.0,31.656622,116.0,31.862951,90.0,31.296074
10729300061024.0,1,C,1.5762521238291909,0.3069613454146309,21.588697,20.231306,18.897568,18.488413,90.0,31.566608,30.0,30.45256,160.0,32.26176,56.0,30.78809
